siff_sId,showName,country,holder,actor,showTime,cname,hname_cn
HY2226    ,八月：奥色治郡,美国,约翰·威尔斯,朱莉娅·罗伯茨 ， 梅丽尔·斯特里普，伊万·麦克格雷格,2014-06-22 20:45:00.000,环艺影城,二厅
HY2156    ,银行女劫匪,德国,克里斯蒂安·阿瓦特,肯·杜肯，娜达莎·布锐妮克,2014-06-15 20:45:00.000,环艺影城,二厅
HY2225    ,杜布罗夫斯基,俄罗斯,亚历山大·万大诺夫 ，基里尔·米罕诺夫斯基,丹尼拉·科兹洛夫斯基 ，伊戈尔·戈丁,2014-06-22 18:30:00.000,环艺影城,二厅
HY2224    ,去年在马里昂巴德,法国,阿伦·雷乃,德菲因·塞里格， 吉奥吉欧·艾伯塔基,2014-06-22 15:45:00.000,环艺影城,二厅
HY2196    ,悲喜人生,丹麦,尼尔斯·马尔姆洛斯,雅各布·德格恩，海勒·格瑞德,2014-06-19 20:45:00.000,环艺影城,二厅
HY2185    ,玩命毒师,意大利,西德尼·西比利亚,艾多尔多·里奥，瓦莱丽亚·索拉里诺，瓦莱里奥·阿普雷亚,2014-06-18 18:30:00.000,环艺影城,二厅
HY2216    ,凄厉人妻,泰国,班庄·比辛达拿刚,马里奥·毛瑞尔，达维卡·豪恩,2014-06-21 20:45:00.000,环艺影城,二厅
HY2213    ,蚁族与明星,孟加拉国,穆斯塔法·萨瓦尔·法罗奇,,2014-06-21 13:30:00.000,环艺影城,二厅
HY2146    ,断子绝孙大逃亡,乌克兰,阿列克谢·扎列夫斯基,李松·亚历山大，伊娜·佐波娃，马克·伯登,2014-06-14 20:45:00.000,环艺影城,二厅
HY2223    ,广岛之恋,法国,阿伦·雷乃,埃玛妞·丽娃，冈田英次,2014-06-22 13:30:00.000,环艺影城,二厅
HY2176    ,祖鲁,法国,杰罗姆·塞勒,奥兰多·布鲁姆，福里斯特·惠特克，坦尼亚·范·格兰,2014-06-17 20:45:00.000,环艺影城,二厅
HY2153    ,就是你，查理,加拿大,艾玛纽尔.诗瑞尼安,迈克尔·科恩，艾玛·弗勒里,2014-06-15 13:30:00.000,环艺影城,二厅
HY2145    ,洛杉矶,德国,戴米恩·约翰·哈珀,马特奥·巴蒂斯塔·马蒂亚斯，马科斯·罗德里格兹·鲁伊兹,2014-06-14 18:30:00.000,环艺影城,二厅
HY2144    ,在劫难逃,阿根廷,胡安·施密特,恩里克·帕帕提诺，爱德华多·库图里,2014-06-14 15:45:00.000,环艺影城,二厅
HY2195    ,蓝色茉莉,美国,伍迪·艾伦,凯特·布兰切特，亚历克·鲍德温,2014-06-19 18:30:00.000,环艺影城,二厅
HY2155    ,飞机总动员,美国,克雷.豪尔,戴恩·库克，卡洛斯·阿拉斯拉奇，斯泰西·基齐,2014-06-15 18:30:00.000,环艺影城,二厅
HY2186    ,巴西之西,巴西,雷内·桑帕约,法布里西奥·波利维拉，伊希斯·瓦尔维德,2014-06-18 20:45:00.000,环艺影城,二厅
HY2175    ,悬案密码：笼中女人,丹麦,迈克尔·诺加德,尼古拉·雷·卡斯，法瑞斯·法瑞斯,2014-06-17 18:30:00.000,环艺影城,二厅
HY2166    ,秘密炸弹,意大利,罗伯托·罗西里尼,吉纳罗·皮萨诺，玛丽莲·布福德,2014-06-16 20:45:00.000,环艺影城,二厅
HY2165    ,爱,意大利,罗伯托·罗西里尼,安娜·玛妮雅妮,2014-06-16 18:30:00.000,环艺影城,二厅
HY2154    ,大梦想家,美国,约翰·李·汉考克,艾玛·汤普森，汤姆·汉克斯,2014-06-15 15:45:00.000,环艺影城,二厅
HY2143    ,白日梦想家,美国,本·斯蒂勒,本·蒂勒，克里斯汀·格，亚当·科特,2014-06-14 13:30:00.000,环艺影城,二厅
HY2215    ,布达佩斯大饭店,美国,韦斯·安德森, 拉尔夫·费因斯 ， 托尼·雷沃洛利 ， 艾德里安·布洛迪,2014-06-21 18:30:00.000,环艺影城,二厅
HY2214    ,清须会议,日本,三谷幸喜,役所广司，大泉洋，小日向文世,2014-06-21 15:45:00.000,环艺影城,二厅
HY2206    ,心之归属,法国,阿伦·雷乃,萨宾·阿泽玛，伊莎贝尔·卡雷,2014-06-20 20:45:00.000,环艺影城,二厅
HY2205    ,莫里埃尔,法国,阿伦·雷乃,德菲因·塞里格，让·皮埃尔·科林,2014-06-20 18:30:00.000,环艺影城,二厅
HP4226    ,墙后低语,德国,格热戈日·穆斯卡拉,文森特·戴茨基，卡特琳娜·海耶,2014-06-22 20:45:00.000,和平影都,四厅
HP4223    ,费城故事 4K,美国,乔纳森·戴米,汤姆·汉克斯，丹泽尔·华盛顿,2014-06-22 13:30:00.000,和平影都,四厅
HP4215    ,怒海沉尸 4K,法国,雷内·克莱芒,阿兰·德龙，莫里斯·荣内特,2014-06-21 18:30:00.000,和平影都,四厅
HP4196    ,去年在马里昂巴德,法国,阿伦·雷乃,德菲因·塞里格， 吉奥吉欧·艾伯塔基,2014-06-19 20:45:00.000,和平影都,四厅
HP4185    ,就是你，查理,加拿大,艾玛纽尔.诗瑞尼安,迈克尔·科恩，艾玛·弗勒里,2014-06-18 18:30:00.000,和平影都,四厅
HP4225    ,蓝色茉莉,美国,伍迪·艾伦,凯特·布兰切特，亚历克·鲍德温,2014-06-22 18:30:00.000,和平影都,四厅
HPIMAX155 ,哈勃望远镜3D,美国,梅耶斯·托尼,莱昂纳多·迪卡普里奥,2014-06-15 18:30:00.000,和平影都,IMAX厅
HPIMAX196 ,超级8,美国,艾布拉姆斯 J.J.,莱昂纳多·迪卡普里奥,2014-06-19 20:45:00.000,和平影都,IMAX厅
HPIMAX186 ,悲惨世界,美国,汤姆·霍伯,休·杰克曼，罗素·克劳,2014-06-18 20:45:00.000,和平影都,IMAX厅
HPIMAX165 ,南太平洋之旅3D,美国,贾德森·斯蒂芬;麦克吉利弗雷·格雷格,凯特·布兰切特 ，Ferdiel Ballamu， Menas Mambasar,2014-06-16 18:30:00.000,和平影都,IMAX厅
HPIMAX166 ,蝙蝠侠：黑暗骑士崛起,美国,诺兰 克里斯托弗,克里斯蒂安·贝尔 ， 汤姆·哈迪 ， 安妮·海瑟薇 ,2014-06-16 20:45:00.000,和平影都,IMAX厅
HPIMAX195 ,回归野性 3D,美国,大卫·里克雷,摩根·弗里曼，Birute Galdikas，Vanessa Sheldrick,2014-06-19 18:30:00.000,和平影都,IMAX厅
HPIMAX156 ,蝙蝠侠：侠影之谜,美国,诺兰 克里斯托弗, 克里斯蒂安·贝尔 ，迈克尔·凯恩,2014-06-15 20:45:00.000,和平影都,IMAX厅
HP4166    ,出租车司机 4K,美国,马丁·斯科塞斯,罗伯特·德·尼罗，朱迪·福斯特,2014-06-16 20:45:00.000,和平影都,四厅
HP4155    ,继续活着,英国,乌贝托·帕索里尼,埃迪·马森 ，琼安·弗洛加特，安德鲁·巴肯,2014-06-15 18:30:00.000,和平影都,四厅
HP4224    ,重新开始,英国,约翰·卡尼,凯拉·奈特莉，海莉·斯坦菲儿德，马克·鲁弗洛,2014-06-22 15:45:00.000,和平影都,四厅
HP4222    ,横道世之介,日本,冲田修一,高良健吾，吉高由里子，绫野刚,2014-06-22 10:30:00.000,和平影都,四厅
HP4216    ,逆鳞,韩国,李才奎,玄彬，郑在咏,2014-06-21 20:45:00.000,和平影都,四厅
HPIMAX185 ,海底世界3D,美国,豪尔·豪沃得,金·凯瑞,2014-06-18 18:30:00.000,和平影都,IMAX厅
HP4213    ,罗马，不设防的城市 4K,意大利,罗伯特·罗西里尼,安娜·玛妮雅妮，马塞洛·巴格利埃罗,2014-06-21 13:30:00.000,和平影都,四厅
HP4206    ,现代启示录,美国,弗朗西斯·福特·科波拉,马龙·白兰度，马丁·辛,2014-06-20 20:45:00.000,和平影都,四厅
HP4176    ,达拉斯买家俱乐部,美国,让·马克·瓦雷,马修·麦康纳，杰瑞德·莱托,2014-06-17 20:45:00.000,和平影都,四厅
HP4175    ,上海小姐 4K,美国,奥逊·威尔斯,奥逊·威尔斯，丽塔·海华斯,2014-06-17 18:30:00.000,和平影都,四厅
HP4165    ,绝命四人组,英国,帕斯卡尔·舒梅,皮尔斯·布鲁斯南，托妮·克莱特，亚伦·保尔,2014-06-16 18:30:00.000,和平影都,四厅
HP4172    ,祖谷物语,日本,茑哲一朗,武田梨奈，大西信满，河濑直美,2014-06-17 10:30:00.000,和平影都,四厅
HP4154    ,码头风云 4K,美国,伊利亚·卡赞,马龙·白兰度，爱娃·玛丽·森特,2014-06-15 15:45:00.000,和平影都,四厅
HP4153    ,判决结果,比利时,扬·费尔海恩,肯·德·布沃，亨德里克·阿兹，薇儿拉·贝坦丝,2014-06-15 13:30:00.000,和平影都,四厅
HP4145    ,外交秘闻,法国,沃尔克·施隆多夫, 安德烈·杜索里埃 ， 尼尔斯·阿莱斯楚普,2014-06-14 18:30:00.000,和平影都,四厅
HP4144    ,观相,韩国,韩在林,宋康昊，李政宰,2014-06-14 15:45:00.000,和平影都,四厅
HP4143    ,地狱病院,美国,布拉德·安德森,凯特·贝金赛尔，吉姆·斯特吉斯,2014-06-14 13:30:00.000,和平影都,四厅
HP4214    ,战火,意大利,罗伯托·罗西里尼,卡梅拉·萨奇奥，罗伯特·范·隆,2014-06-21 15:45:00.000,和平影都,四厅
HP4212    ,窈窕舞妓,日本,周防 正行,上白石萌音，长谷川博己,2014-06-21 10:30:00.000,和平影都,四厅
HP4205    ,史塔维斯基,法国,阿伦·雷乃,让·保罗·贝尔蒙多， 查尔斯·鲍育,2014-06-20 18:30:00.000,和平影都,四厅
HP4195    ,广岛之恋,法国,阿伦·雷乃,埃玛妞·丽娃，冈田英次,2014-06-19 18:30:00.000,和平影都,四厅
HP4186    ,纯真年代 4K,美国,马丁·斯科塞斯,丹尼尔·戴·刘易斯，米歇尔·菲佛,2014-06-18 20:45:00.000,和平影都,四厅
HP4146    ,裁判,意大利,保罗·祖卡,蒂芬努·阿科西，雅格布·卡林,2014-06-14 20:45:00.000,和平影都,四厅
HP4156    ,凄厉人妻,泰国,班庄·比辛达拿刚,马里奥·毛瑞尔，达维卡·豪恩,2014-06-15 20:45:00.000,和平影都,四厅
WY1166    ,九顶假发的女孩,德国,马克·罗斯曼,丽莎·托马舍夫斯基，卡洛琳·特斯卡,2014-06-16 20:45:00.000,万裕国际影城,一厅
WY1186    ,黑金杀机,美国,雷德利·斯科特,迈克尔·斯宾德，  布拉德·皮特,2014-06-18 20:45:00.000,万裕国际影城,一厅
WY1195    ,想要拥抱你,日本,盐田明彦,北川景子，上地雄辅,2014-06-19 18:30:00.000,万裕国际影城,一厅
WY1175    ,九月怀胎,法国,艾尔伯特·杜邦迪,艾尔伯特·杜邦迪，桑德琳娜·基贝兰，菲利普·尤尚,2014-06-17 18:30:00.000,万裕国际影城,一厅
WY1165    ,礼物,俄罗斯,谢尔盖·卡拉达什,瓦西里·伊万诺夫,2014-06-16 18:30:00.000,万裕国际影城,一厅
WY1225    ,暗黑兄弟会,德国,沙维尔·柯勒,芬·亨克尔，莫里兹·布雷多,2014-06-22 18:30:00.000,万裕国际影城,一厅
WY1145    ,赦免,美国,汤姆·安东,洁米·金，杰森·刘易斯，M·C·盖尼,2014-06-14 18:30:00.000,万裕国际影城,一厅
WY1146    ,苏珊娜,法国,卡黛儿·基耶维蕾,莎拉·弗里斯蒂，阿黛拉·哈内尔，保罗·艾米,2014-06-14 20:45:00.000,万裕国际影城,一厅
WY1156    ,劳动节,美国,贾森·雷特曼,凯特·温丝莱特，乔什·布洛林,2014-06-15 20:45:00.000,万裕国际影城,一厅
WY1154    ,人为因素,意大利,布鲁诺·奥利维罗,西尔维奥·奥兰多，吉塞培·巴蒂斯通，桑德拉·切卡莱利,2014-06-15 15:45:00.000,万裕国际影城,一厅
WY1215    ,意外人生,西班牙,若热·托雷格罗萨,坦米·布兰查德，贾维尔·卡马拉,2014-06-21 18:30:00.000,万裕国际影城,一厅
WY1185    ,冒牌王子,意大利,亚历桑德罗·希亚尼,亚历桑德罗·希亚尼，克里斯蒂安·德·西卡，莎拉·菲尔伯鲍姆,2014-06-18 18:30:00.000,万裕国际影城,一厅
WY1176    ,小英格兰,希腊,潘多利·佛加瑞,Pinelopi Tsilika，Sofia Kokkali，Aneza Papadopoulou,2014-06-17 20:45:00.000,万裕国际影城,一厅
WY1155    ,奶牛场的哲学家,土耳其,穆菲特·坎·萨辛地,穆菲·坎·萨辛地，艾达·阿克塞尔，拉希姆·厄兹泰金,2014-06-15 18:30:00.000,万裕国际影城,一厅
WY1144    ,编剧情缘,美国,马克·劳伦斯,休·格兰特，玛丽莎·托梅，艾莉森·珍妮,2014-06-14 15:45:00.000,万裕国际影城,一厅
          ,魔鬼绳结,美国,阿托姆·伊戈扬,瑞茜·威瑟斯彭，柯林·菲尔斯，戴恩·德哈恩,2014-06-22 15:45:00.000,万裕国际影城,一厅
WY1214    ,寻找声音的耳朵,中国,张忱婷,邵立君，李正昊，丁乐怡,2014-06-21 15:45:00.000,万裕国际影城,一厅
WY1206    ,看不见的女人,英国,拉尔夫·费因斯,拉尔夫·费因斯，费莉西蒂·琼斯,2014-06-20 20:45:00.000,万裕国际影城,一厅
WY1205    ,她在路上,法国,艾玛纽尔·贝克特,凯瑟琳.德纳芙，奈莫.施夫曼,2014-06-20 18:30:00.000,万裕国际影城,一厅
WY1196    ,第九片云,美国,简·斯宾塞,迈克尔·马德森，让-雨果·安格拉德，梅根·马克,2014-06-19 20:45:00.000,万裕国际影城,一厅
          ,第一首歌,美国,凯特·巴克佛洛兰,安妮·海瑟薇，约翰尼·弗林,2014-06-17 13:30:00.000,上海影城,一厅
YC1213    ,八月：奥色治郡,美国,约翰·威尔斯,朱莉娅·罗伯茨 ， 梅丽尔·斯特里普，伊万·麦克格雷格,2014-06-21 13:30:00.000,上海影城,一厅
YC1176    ,教父 4K,美国,弗朗西斯·福特·科波拉,马龙·白兰度，阿尔·帕西诺,2014-06-17 20:45:00.000,上海影城,一厅
YC1203    ,鹰之路,美国,尚格·云顿,尚格·云顿，克劳迪娅·巴索尔斯,2014-06-20 13:30:00.000,上海影城,一厅
YC1206    ,出租车司机 4K,美国,马丁·斯科塞斯,罗伯特·德·尼罗，朱迪·福斯特,2014-06-20 20:45:00.000,上海影城,一厅
YC1186    ,玛戈皇后 4K,法国,帕特里斯·夏侯,伊莎贝尔·阿佳妮，丹尼尔·奥图,2014-06-18 20:45:00.000,上海影城,一厅
YC7156    ,蓝风衣,中国,连子,侯方杰，李一君，优克,2014-06-15 20:45:00.000,上海影城,七厅
YC7146    ,警察日记,中国,宁瀛,王景春，陈维涵，孙亮,2014-06-14 20:45:00.000,上海影城,七厅
YC7214    ,怒放之青春再见,中国,卢庚戌,秦昊，潘粤明，吕聿来，张晓晨，杜海涛,2014-06-21 15:45:00.000,上海影城,七厅
YC7206    ,八千里路云和月,中国,王为一 ;史东山,白杨，陶金,2014-06-20 20:45:00.000,上海影城,七厅
YC7212    ,她们,中国,陈 兵,徐熙颜，乔铮，许绍洋，谢冰,2014-06-21 10:30:00.000,上海影城,七厅
YC7204    ,战将周希汉,中国,安澜,邵兵，侯勇，卢奇，张再新,2014-06-20 15:45:00.000,上海影城,七厅
YC7176    ,老明星,中国,丛晓,高凌风，常蓝天，崔可法，孙艺菲,2014-06-17 20:45:00.000,上海影城,七厅
YC7163    ,诺日吉玛,中国,巴音,,2014-06-16 13:30:00.000,上海影城,七厅
YC7185    ,情笛之爱,中国,邓迎海,牛犇，林浩,2014-06-18 18:30:00.000,上海影城,七厅
YC7184    ,绝命航班3D,中国,周赟,爱德·维斯特维克，朱珠,2014-06-18 15:45:00.000,上海影城,七厅
YC7144    ,云的模样,中国,戴获,黄璐，吴朋奉，陆弈静,2014-06-14 15:45:00.000,上海影城,七厅
YC7226    ,全民目击,中国,非行,孙红雷，余男，郭富城，,2014-06-22 20:45:00.000,上海影城,七厅
YC7216    ,终极大冒险 3D,中国,孙立军,谢娜，路知行，韩童生,2014-06-21 20:45:00.000,上海影城,七厅
YC7215    ,乌鸦与麻雀,中国,郑君里,赵丹，黄宗英,2014-06-21 18:30:00.000,上海影城,七厅
YC7166    ,国宝疑云,中国,车径行,田亮，周显欣,2014-06-16 20:45:00.000,上海影城,七厅
YC7165    ,禁止吸烟,,吴刚;董新文,李嘉明，董晓光,2014-06-16 18:30:00.000,上海影城,七厅
YC7203    ,斗茶,中国,孟卫国,新七小福，杨紫，尔玛依娜,2014-06-20 13:30:00.000,上海影城,七厅
YC7182    ,守候的心,中国,刘夏同,闫鹿杨，朱佳妮，景辉，牛志强,2014-06-18 10:30:00.000,上海影城,七厅
YC7195    ,蛇博士,中国,刘一君,徐滔，张江诗琴,2014-06-19 18:30:00.000,上海影城,七厅
YC7186    ,飞天鱼,中国,范潇匀,孙俪洛，范潇匀,2014-06-18 20:45:00.000,上海影城,七厅
YC7223    ,寻找声音的耳朵,中国,张忱婷,邵立君，李正昊，丁乐怡,2014-06-22 13:30:00.000,上海影城,七厅
YC7205    ,我这一辈子,中国,石挥,石挥，魏鹤龄,2014-06-20 18:30:00.000,上海影城,七厅
YC7183    ,我是狼,中国,于胜军,黄渤，刘璇，薛佳凝,2014-06-18 13:30:00.000,上海影城,七厅
YC7174    ,老海的新生活,中国,齐为民,王晓曦，姜文艺，红花，郑雪,2014-06-17 15:45:00.000,上海影城,七厅
YC7173    ,德吉的诉讼,中国,王 熠,杨秀措，洛桑念扎,2014-06-17 13:30:00.000,上海影城,七厅
YC7172    ,对不起，我爱你,中国,杨子,锦荣，温心，王姬，伍宇娟，黄恺杰，林芮西,2014-06-17 10:30:00.000,上海影城,七厅
YC7164    ,最美的乡村医生,中国,强小陆,娜仁花，阎妮，王璐 ,2014-06-16 15:45:00.000,上海影城,七厅
YC7155    ,我不是王毛,中国,赵小溪,王大治，罗京民，葛晓凤 ,2014-06-15 18:30:00.000,上海影城,七厅
YC7154    ,0.5的爱情,中国,邢潇, 蒲巴甲，江语晨，李悦铭，龚洁,2014-06-15 15:45:00.000,上海影城,七厅
YC7153    ,无人区,中国,宁浩,徐峥，黄渤，余男,2014-06-15 13:30:00.000,上海影城,七厅
YC7152    ,匆匆,中国,朱晓伟,贾雨萌，张国柱,2014-06-15 10:30:00.000,上海影城,七厅
YC7142    ,水煮金蟾,中国,何蔚庭,范雷，杨静儿,2014-06-14 10:30:00.000,上海影城,七厅
YC7213    ,北京爱情故事,中国,陈思诚,梁家辉，刘嘉玲，王学兵 ,2014-06-21 13:30:00.000,上海影城,七厅
YC7145    ,时光恋人,中国,沈东,李小璐，立威廉，伊能静,2014-06-14 18:30:00.000,上海影城,七厅
YC7196    ,万家灯火,中国,沈浮,上官云珠，蓝马,2014-06-19 20:45:00.000,上海影城,七厅
YC7194    ,祈祷,中国,诺明花日,诺明花日,2014-06-19 15:45:00.000,上海影城,七厅
YC7193    ,城市门,中国,孙沙,常宁国，谭群，周克,2014-06-19 13:30:00.000,上海影城,七厅
YC7175    ,下一站。再爱你,中国,李德威,马浚伟， 杨梓嫣,2014-06-17 18:30:00.000,上海影城,七厅
YC3142    ,寻找小糖人,瑞典,马利克·本德让劳尔,罗德里格兹,2014-06-14 10:30:00.000,上海影城,三厅
YC7162    ,念书的孩子Ⅱ,中国,原 雅轩,李佳奇，原明轩，江化霖,2014-06-16 10:30:00.000,上海影城,七厅
YC7224    ,扫毒,中国香港,陈木胜,刘青云，张家辉，古天乐 ，袁泉 ,2014-06-22 15:45:00.000,上海影城,七厅
YC7143    ,最美的时候遇见你,中国,吴娜,谭松韵，罗云熙,2014-06-14 13:30:00.000,上海影城,七厅
YC7225    ,澳门风云,中国,王晶,周润发， 谢霆锋，杜汶泽，景甜 ,2014-06-22 18:30:00.000,上海影城,七厅
YC7222    ,老井,中国,吴天明,张艺谋，梁玉瑾,2014-06-22 10:30:00.000,上海影城,七厅
YC3183    ,陌生,中国,权 聆, 陶虹 ，郭晓冬 ， 子义,2014-06-18 13:30:00.000,上海影城,三厅
YC3162    ,老男孩猛龙过江,中国,肖央,肖央，王太利 ，曲婉婷,2014-06-16 10:30:00.000,上海影城,三厅
YC3154    ,生存法则,加拿大,罗斯·弗格森,达斯汀·米利甘，迈克尔·艾克朗德，汤姆·巴特勒,2014-06-15 15:45:00.000,上海影城,三厅
YC3153    ,九月怀胎,法国,艾尔伯特·杜邦迪,艾尔伯特·杜邦迪，桑德琳娜·基贝兰，菲利普·尤尚,2014-06-15 13:30:00.000,上海影城,三厅
YC3146    ,悲喜人生,丹麦,尼尔斯·马尔姆洛斯,雅各布·德格恩，海勒·格瑞德,2014-06-14 20:45:00.000,上海影城,三厅
YC3144    ,一切尽失,美国,J·C·陈多尔,罗伯特·雷德福,2014-06-14 15:45:00.000,上海影城,三厅
YC3155    ,匹诺曹,德国,安娜·贾斯蒂,马里奥·阿道夫，罗伯特·拜耳,2014-06-15 18:30:00.000,上海影城,三厅
YC3224    ,意大利之旅,意大利,罗伯托·罗西里尼,英格丽·褒曼，乔治·桑德斯,2014-06-22 15:45:00.000,上海影城,三厅
YC3206    ,泡沫人生,法国,米歇尔·冈瑞,罗曼·杜里斯，奥黛丽·塔图,2014-06-20 20:45:00.000,上海影城,三厅
YC3203    ,几度春风几度霜,法国,阿伦·雷乃,萨宾·阿泽玛，安德烈·杜索里埃,2014-06-20 13:30:00.000,上海影城,三厅
YC3196    ,灵触3D,泰国,泊查依 红格拉塔纳珀,纳瓦·君拉纳拉，雅雅英,2014-06-19 20:45:00.000,上海影城,三厅
YC3194    ,我就是我,中国,范立欣,华晨宇，欧豪，白举纲，宁桓宇，于湉，张阳阳,2014-06-19 15:45:00.000,上海影城,三厅
YC3225    ,史塔维斯基,法国,阿伦·雷乃,让·保罗·贝尔蒙多， 查尔斯·鲍育,2014-06-22 18:30:00.000,上海影城,三厅
YC3176    ,风,意大利,马可·西蒙·普西奥尼,瓦莱莉·高利诺，切瑞拉·凯瑟莉,2014-06-17 20:45:00.000,上海影城,三厅
YC3174    ,0.5的爱情,中国,邢潇, 蒲巴甲，江语晨，李悦铭，龚洁,2014-06-17 15:45:00.000,上海影城,三厅
YC3165    ,悬案密码：笼中女人,丹麦,迈克尔·诺加德,尼古拉·雷·卡斯，法瑞斯·法瑞斯,2014-06-16 18:30:00.000,上海影城,三厅
YC3163    ,近距离击杀,中国,孙铁,董勇 ，巫刚 ，张煊赫 ，李思博 ，刘奕 ，刘继勋,2014-06-16 13:30:00.000,上海影城,三厅
YC3156    ,巴西之西,巴西,雷内·桑帕约,法布里西奥·波利维拉，伊希斯·瓦尔维德,2014-06-15 20:45:00.000,上海影城,三厅
YC3195    ,蓝色骨头,中国,崔健,尹昉，黄幻，倪虹洁，黄轩,2014-06-19 18:30:00.000,上海影城,三厅
YC3145    ,探戈的荣耀,阿根廷,奥利弗·科勒克尔,赫克多·艾戴里欧，安托里娜·科斯塔,2014-06-14 18:30:00.000,上海影城,三厅
YC3143    ,年轻的佩雷兹,法国,雅克·乌瓦尼西,布拉黑姆·阿瑟姆，斯蒂夫·苏伊萨,2014-06-14 13:30:00.000,上海影城,三厅
YC3152    ,爱恨一线牵,美国,丽莎·约翰逊,盖·皮尔斯，克里斯汀·韦格，海莉·斯坦菲尔德,2014-06-15 10:30:00.000,上海影城,三厅
YC3202    ,几度春风几度霜,法国,阿伦·雷乃,萨宾·阿泽玛，安德烈·杜索里埃,2014-06-20 10:30:00.000,上海影城,三厅
YC3226    ,偶滴神啊,印度,乌每许·舒克拉,帕莱什·拉瓦尔，阿克谢·库玛尔，米特胡恩·查克拉博蒂,2014-06-22 20:45:00.000,上海影城,三厅
YC3172    ,第七种味道,中国,冯 亚平,NULL,2014-06-17 10:30:00.000,上海影城,三厅
YC3223    ,火山边缘之恋,意大利,罗伯托·罗西里尼,英格丽·褒曼，马里奥·维塔尔,2014-06-22 13:30:00.000,上海影城,三厅
YC3222    ,世界上最强的男人,加拿大,丹尼尔·罗比,安托万·贝特朗，纪尧姆·西尔，吉尔·贝罗斯,2014-06-22 10:30:00.000,上海影城,三厅
YC3215    ,劳伦斯与霍洛曼,加拿大,马修·科沃尔彻克,本·科腾，丹尼尔·阿诺德，凯瑟琳·伊莎贝拉,2014-06-21 18:30:00.000,上海影城,三厅
YC3213    ,广岛之恋,法国,阿伦·雷乃,埃玛妞·丽娃，冈田英次,2014-06-21 13:30:00.000,上海影城,三厅
YC3204    ,我的美国舅舅,法国,阿伦·雷乃,杰拉尔·德帕迪约，妮可·加西亚,2014-06-20 15:45:00.000,上海影城,三厅
YC3164    ,说说美丽世界,中国,刘一君,成泰燊，朱佳妮，刘惠仪,2014-06-16 15:45:00.000,上海影城,三厅
YC3186    ,恶童日记,匈牙利,雅诺丝·萨扎兹,皮若斯卡·莫尔纳，安德拉斯·基也曼特，拉斯佐罗·基也曼特,2014-06-18 20:45:00.000,上海影城,三厅
YC3185    ,飞机总动员,美国,克雷.豪尔,戴恩·库克，卡洛斯·阿拉斯拉奇，斯泰西·基齐,2014-06-18 18:30:00.000,上海影城,三厅
YC3184    ,美丽笨女人,中国,潘 婕,,2014-06-18 15:45:00.000,上海影城,三厅
YC3175    ,十分钟,,李勇胜,白钟焕,2014-06-17 18:30:00.000,上海影城,三厅
YC3173    ,青春真好,中国,孟 艳,,2014-06-17 13:30:00.000,上海影城,三厅
YC3212    ,太阳照常升起,中国,姜文,姜文，周韵，房祖名,2014-06-21 10:30:00.000,上海影城,三厅
YC3216    ,墙后低语,德国,格热戈日·穆斯卡拉,文森特·戴茨基，卡特琳娜·海耶,2014-06-21 20:45:00.000,上海影城,三厅
YC3214    ,去年在马里昂巴德,法国,阿伦·雷乃,德菲因·塞里格， 吉奥吉欧·艾伯塔基,2014-06-21 15:45:00.000,上海影城,三厅
YC3205    ,回路人生,加拿大,梅林·德维塞维克,大卫·里奇蒙德·派克，理查德·哈蒙,2014-06-20 18:30:00.000,上海影城,三厅
YC3193    ,夜莺,中国,菲利普·弥勒,李保田，李小冉，秦昊,2014-06-19 13:30:00.000,上海影城,三厅
YC3166    ,狼,荷兰,吉姆·塔胡,马尔万·肯扎里，雷蒙德·提哈瑞，娜瑟丁·德查,2014-06-16 20:45:00.000,上海影城,三厅
YC2225    ,绝命四人组,英国,帕斯卡尔·舒梅,皮尔斯·布鲁斯南，托妮·克莱特，亚伦·保尔,2014-06-22 18:30:00.000,上海影城,二厅
YC2224    ,观相,韩国,韩在林,宋康昊，李政宰,2014-06-22 15:45:00.000,上海影城,二厅
YC2146    ,姐妹情深,德国,多米尼克·格拉夫,汉瑞特·弗丽斯，弗洛里安·泰特，汉娜·斯普朗,2014-06-14 20:45:00.000,上海影城,二厅
YC2215    ,玩命毒师,意大利,西德尼·西比利亚,艾多尔多·里奥，瓦莱丽亚·索拉里诺，瓦莱里奥·阿普雷亚,2014-06-21 18:30:00.000,上海影城,二厅
YC2205    ,前目的地,澳大利亚,迈克尔·斯派瑞 ，彼得·斯派瑞,伊桑·霍克，诺亚·泰勒，克里斯托弗·卡比斯派瑞,2014-06-20 18:30:00.000,上海影城,二厅
YC2166    ,祖鲁,法国,杰罗姆·塞勒,奥兰多·布鲁姆，福里斯特·惠特克，坦尼亚·范·格兰,2014-06-16 20:45:00.000,上海影城,二厅
YC2222    ,哆啦A梦：新·大雄的大魔境～扁扁与5人之探险队～（HDCAM),日本,八锹新之助,水田山葵 ，大原めぐみ ，嘉数由美 ，木村昴 ，关智一 ， 千秋,2014-06-22 10:30:00.000,上海影城,二厅
YC2214    ,地狱病院,美国,布拉德·安德森,凯特·贝金赛尔，吉姆·斯特吉斯,2014-06-21 15:45:00.000,上海影城,二厅
YC2213    ,标靶,韩国,尹鸿承,柳承龙，李真旭,2014-06-21 13:30:00.000,上海影城,二厅
YC2212    ,纯净柔软的心,日本,新城毅彦,长泽雅美，冈田将生，中村苍,2014-06-21 10:30:00.000,上海影城,二厅
YC2195    ,广告风云 (HDCAM),日本,永井聪,妻夫木聪，北川景子，丰川悦司,2014-06-19 18:30:00.000,上海影城,二厅
YC2165    ,想要拥抱你,日本,盐田明彦,北川景子，上地雄辅,2014-06-16 18:30:00.000,上海影城,二厅
YC2193    ,外交秘闻,法国,沃尔克·施隆多夫, 安德烈·杜索里埃 ， 尼尔斯·阿莱斯楚普,2014-06-19 13:30:00.000,上海影城,二厅
YC2184    ,瓦西里撒,俄罗斯,安东·希维斯,斯维特拉纳·库德钦科娃，德米特里·索罗米钦，杰罗姆·库辛,2014-06-18 15:45:00.000,上海影城,二厅
YC2183    ,雪,伊朗,迈赫迪·拉赫马尼,,2014-06-18 13:30:00.000,上海影城,二厅
YC2175    ,自私的巨人,英国,克里欧·巴纳德,康纳·查普曼，舍恩·托马斯,2014-06-17 18:30:00.000,上海影城,二厅
YC2174    ,五彩神箭,中国,万玛 才旦,仁青顿珠 ，索郎尼马 ， 多布杰,2014-06-17 15:45:00.000,上海影城,二厅
YC2223    ,蜡笔小新 决一胜负！逆袭的机器人爸爸(HDCAM),日本,高桥涉,配音：矢岛晶子，楢桥美纪，藤原启治,2014-06-22 13:30:00.000,上海影城,二厅
YC2163    ,蚁族与明星,孟加拉国,穆斯塔法·萨瓦尔·法罗奇,,2014-06-16 13:30:00.000,上海影城,二厅
YC2162    ,重新开始,英国,约翰·卡尼,凯拉·奈特莉，海莉·斯坦菲儿德，马克·鲁弗洛,2014-06-16 10:30:00.000,上海影城,二厅
YC2156    ,唯爱永生,英国,吉姆·贾木许,蒂尔达·斯文顿，汤姆·希德勒斯顿,2014-06-15 20:45:00.000,上海影城,二厅
YC2155    ,逐梦师奶,德国,马克·伦辛,斯特芬·库纳特,2014-06-15 18:30:00.000,上海影城,二厅
YC2152    ,家路,,久保田直,松山研一，田中裕子，安藤樱,2014-06-15 10:30:00.000,上海影城,二厅
YC2194    ,小英格兰,希腊,潘多利·佛加瑞,Pinelopi Tsilika，Sofia Kokkali，Aneza Papadopoulou,2014-06-19 15:45:00.000,上海影城,二厅
YC2196    ,看不见的女人,英国,拉尔夫·费因斯,拉尔夫·费因斯，费莉西蒂·琼斯,2014-06-19 20:45:00.000,上海影城,二厅
YC2145    ,少年林肯,美国,A.J.霍华斯, 黛安·克鲁格 ，杰森·克拉科 ，布里特·马灵 ， 韦斯·本特利,2014-06-14 18:30:00.000,上海影城,二厅
YC2144    ,欲望号街车,美国,伊利亚·卡赞,马龙·白兰度，费雯·丽,2014-06-14 15:45:00.000,上海影城,二厅
YC2143    ,3D铁三角,法国,彼得·格林纳威，让·吕克·戈达尔，埃德加·佩拉,努诺·梅洛，米格尔·蒙泰罗， 安吉拉·马奎,2014-06-14 13:30:00.000,上海影城,二厅
YC2142    ,四十九天,日本,大林宣彦,品川彻， 松重丰，常盘贵子,2014-06-14 10:30:00.000,上海影城,二厅
YC2173    ,绿意依旧盎然,奥地利,马克·纳贝斯尼克,克里斯蒂安·霍德科，阿普·林登伯格，迈克尔·克里斯托夫,2014-06-17 13:30:00.000,上海影城,二厅
YC2185    ,白雪公主杀人事件 (HDCAM),日本,中村义洋,井上真央，绫野刚， 菜菜绪,2014-06-18 18:30:00.000,上海影城,二厅
YC2176    ,昆虫总动员3D,法国,托马斯·占波，海伦·格瑞德,,2014-06-17 20:45:00.000,上海影城,二厅
YC2164    ,窈窕舞妓,日本,周防 正行,上白石萌音，长谷川博己,2014-06-16 15:45:00.000,上海影城,二厅
YC2154    ,她爱他,法国,珍妮·亨利,桑德利那·吉贝尔兰，Laurent Lafitte,2014-06-15 15:45:00.000,上海影城,二厅
YC2216    ,奥兰多 (HDCAM),英国,莎莉·波特,蒂尔达·斯文顿，比利·赞恩，Quentin Crisp，John Bott,2014-06-21 20:45:00.000,上海影城,二厅
YC2206    ,华颐：吞噬怪物的孩子,韩国,张俊焕,金允石，吕珍九,2014-06-20 20:45:00.000,上海影城,二厅
YC2153    ,最后的执刑人,泰国,汤姆·沃勒,维他亚·潘斯林加姆，罗恩·斯穆安伯格,2014-06-15 13:30:00.000,上海影城,二厅
YC2204    ,战栗丛林,澳大利亚,亚伦·威尔逊,Khan Chittenden， 莫子仪,2014-06-20 15:45:00.000,上海影城,二厅
YC2217    ,黑金杀机,美国,雷德利·斯科特,迈克尔·斯宾德，  布拉德·皮特,2014-06-21 23:00:00.000,上海影城,二厅
YC2226    ,我的僵尸女友,英国,杰夫·巴埃纳,戴恩·德哈恩，奥布瑞·普拉扎,2014-06-22 20:45:00.000,上海影城,二厅
YC2203    ,非我族类,法国,卢卡斯·贝尔沃克斯,艾米莉·德奎恩，洛克·柯贝利，桑德拉·努卡,2014-06-20 13:30:00.000,上海影城,二厅
YC2186    ,古宅惊魂,美国,詹姆斯·温,朗·里维斯顿，莉莉·泰勒,2014-06-18 20:45:00.000,上海影城,二厅
YC1175    ,费城故事 4K,美国,乔纳森·戴米,汤姆·汉克斯，丹泽尔·华盛顿,2014-06-17 18:30:00.000,上海影城,一厅
YC1145    ,纵情一曲,法国,阿伦·雷乃,萨宾·阿泽玛，西波里特·吉拉多特,2014-06-14 18:30:00.000,上海影城,一厅
YC1226    ,现代启示录,美国,弗朗西斯·福特·科波拉,马龙·白兰度，马丁·辛,2014-06-22 20:45:00.000,上海影城,一厅
YC1222    ,42号传奇,美国,布莱恩·海尔格兰德,查德维克·博斯曼 ，哈里森·福特,2014-06-22 10:30:00.000,上海影城,一厅
YC1215    ,旗鼓相当,美国,彼得·西格尔,罗伯特·德·尼罗，西尔维斯特·史泰龙,2014-06-21 18:30:00.000,上海影城,一厅
YC1207    ,火速搭档,美国,安东尼·斯图兹,乔什·亨德森，海莉·韦伯，博·布里吉斯,2014-06-20 23:00:00.000,上海影城,一厅
YC1204    ,逆鳞,韩国,李才奎,玄彬，郑在咏,2014-06-20 15:45:00.000,上海影城,一厅
YC1196    ,教父 2 4K,美国,弗朗西斯·福特 科波拉,阿尔·帕西诺，罗伯特·德尼罗，罗伯特·杜瓦尔,2014-06-19 20:45:00.000,上海影城,一厅
YC1194    ,赦免,美国,汤姆·安东,洁米·金，杰森·刘易斯，M·C·盖尼,2014-06-19 15:45:00.000,上海影城,一厅
YC1164    ,恐怖直播,韩国,金秉祐,河正宇,2014-06-16 15:45:00.000,上海影城,一厅
YC1153    ,如父如子,日本,是枝裕和,福山雅治， 尾野真千子，真木阳子,2014-06-15 13:30:00.000,上海影城,一厅
YC1152    ,横道世之介,日本,冲田修一,高良健吾，吉高由里子，绫野刚,2014-06-15 10:30:00.000,上海影城,一厅
YC1147    ,达拉斯买家俱乐部,美国,让·马克·瓦雷,马修·麦康纳，杰瑞德·莱托,2014-06-14 23:00:00.000,上海影城,一厅
YC1146    ,冬日奇缘,美国,阿齐瓦·高斯曼, 柯林·法瑞尔 ，马修·波莫 ， 露西·格里菲思,2014-06-14 20:45:00.000,上海影城,一厅
YC1144    ,偷书贼,美国,布莱恩·派西维尔,杰弗里·拉什，艾米丽·沃森,2014-06-14 15:45:00.000,上海影城,一厅
YC1143    ,蜜月杀机,英国,霍辛·阿米尼, 克斯汀·邓斯特 ，维果·莫腾森 ，奥斯卡·伊萨克,2014-06-14 13:30:00.000,上海影城,一厅
YC1224    ,圆桌,日本,行定勋,芦田爱菜，平干二朗,2014-06-22 15:45:00.000,上海影城,一厅
YC1223    ,菲洛梅娜,英国,斯蒂芬·弗雷斯,朱迪·丹奇，史蒂夫·库根,2014-06-22 13:30:00.000,上海影城,一厅
YC1216    ,她,美国,斯派克·琼斯,杰昆·菲尼克斯，斯嘉丽·约翰逊,2014-06-21 20:45:00.000,上海影城,一厅
YC1214    ,纯真年代 4K,美国,马丁·斯科塞斯,丹尼尔·戴·刘易斯，米歇尔·菲佛,2014-06-21 15:45:00.000,上海影城,一厅
YC1212    ,蓝色茉莉,美国,伍迪·艾伦,凯特·布兰切特，亚历克·鲍德温,2014-06-21 10:30:00.000,上海影城,一厅
YC1205    ,孤独的生还者,美国,彼得·博格,马克·沃尔伯格，泰勒·克奇,2014-06-20 18:30:00.000,上海影城,一厅
YC1195    ,劳动节,美国,贾森·雷特曼,凯特·温丝莱特，乔什·布洛林,2014-06-19 18:30:00.000,上海影城,一厅
YC1185    ,白日梦想家,美国,本·斯蒂勒,本·蒂勒，克里斯汀·格，亚当·科特,2014-06-18 18:30:00.000,上海影城,一厅
YC1184    ,47浪人,美国,卡尔·里辛,基努·里维斯，真田广之,2014-06-18 15:45:00.000,上海影城,一厅
YC1165    ,布达佩斯大饭店,美国,韦斯·安德森, 拉尔夫·费因斯 ， 托尼·雷沃洛利 ， 艾德里安·布洛迪,2014-06-16 18:30:00.000,上海影城,一厅
YC1156    ,苔丝 4K,法国,罗曼·波兰斯基,娜塔莎.金斯基，约翰.科林,2014-06-15 20:45:00.000,上海影城,一厅
YC1155    ,圆桌,日本,行定勋,芦田爱菜，平干二朗,2014-06-15 18:30:00.000,上海影城,一厅
YC1142    ,清须会议,日本,三谷幸喜,役所广司，大泉洋，小日向文世,2014-06-14 10:30:00.000,上海影城,一厅
YC1174    ,魔鬼绳结,美国,阿托姆·伊戈扬,瑞茜·威瑟斯彭，柯林·菲尔斯，戴恩·德哈恩,2014-06-17 15:45:00.000,上海影城,一厅
XM4216    ,断子绝孙大逃亡,乌克兰,阿列克谢·扎列夫斯基,李松·亚历山大，伊娜·佐波娃，马克·伯登,2014-06-21 20:45:00.000,星美正大影城,四厅
XM4215    ,外交秘闻,法国,沃尔克·施隆多夫, 安德烈·杜索里埃 ， 尼尔斯·阿莱斯楚普,2014-06-21 18:30:00.000,星美正大影城,四厅
XM4214    ,偷书贼,美国,布莱恩·派西维尔,杰弗里·拉什，艾米丽·沃森,2014-06-21 15:45:00.000,星美正大影城,四厅
XM4176    ,幻觉围城,澳大利亚,塞巴斯蒂安·盖伊,克里斯蒂安·克拉克，乔治娜·海格,2014-06-17 20:45:00.000,星美正大影城,四厅
XM4153    ,自我,瑞典,丽莎·詹姆斯·拉赫松,马丁·沃斯特罗姆，玛莲娜·艾秋,2014-06-15 13:30:00.000,星美正大影城,四厅
XM4146    ,哈比狂想曲,德国,迈克尔·鲍曼,维达·埃里希，托斯特·莫顿，克劳斯·曼彻,2014-06-14 20:45:00.000,星美正大影城,四厅
XM4145    ,悬案密码：笼中女人,丹麦,迈克尔·诺加德,尼古拉·雷·卡斯，法瑞斯·法瑞斯,2014-06-14 18:30:00.000,星美正大影城,四厅
XM4144    ,秋季往事,土耳其,凯雷姆·德伦, Farah Zeynep Abdullah，Engin Akyürek ,2014-06-14 15:45:00.000,星美正大影城,四厅
XM4154    ,赛马王,丹麦,安妮·格莱斯·贝加拉,布贾内·亨里克森,2014-06-15 15:45:00.000,星美正大影城,四厅
XM4224    ,换个人来爱,法国,艾曼纽勒·莫雷,维吉妮·拉朵嫣，乔伊·斯塔尔,2014-06-22 15:45:00.000,星美正大影城,四厅
XM4213    ,不是童话,印度,埃特努·高仕,索米特拉·查特吉，拉迪卡·阿普特,2014-06-21 13:30:00.000,星美正大影城,四厅
XM4206    ,莎拉宁愿跑步,加拿大,科洛·罗比乔德,索菲·德马雷，让·塞巴斯蒂安·库尔谢尼,2014-06-20 20:45:00.000,星美正大影城,四厅
XM4205    ,一路有你,马来西亚,周青元,本·菲佛，乔安娜·杨，李赛鹏,2014-06-20 18:30:00.000,星美正大影城,四厅
XM4196    ,结婚前夜,韩国,洪智暎,金康宇，李妍熙,2014-06-19 20:45:00.000,星美正大影城,四厅
XM4166    ,小英格兰,希腊,潘多利·佛加瑞,Pinelopi Tsilika，Sofia Kokkali，Aneza Papadopoulou,2014-06-16 20:45:00.000,星美正大影城,四厅
XM4165    ,3 英里限制,新西兰,克雷格·纽兰,马特·惠伦,2014-06-16 18:30:00.000,星美正大影城,四厅
XM4223    ,叫费德里科多么奇怪！,意大利,埃托尔·斯科拉,托马索·拉佐蒂，毛里奇奥·德·桑蒂斯，贾科莫·拉佐蒂,2014-06-22 13:30:00.000,星美正大影城,四厅
XM4225    ,汉娜的旅程,德国,朱莉娅·冯·海因茨,卡罗利妮·舒赫 ，多伦·阿米特 ,2014-06-22 18:30:00.000,星美正大影城,四厅
XM4195    ,时光修复师,意大利,保罗·米顿,丹尼尔·萨佛卡，汉娜·考福特,2014-06-19 18:30:00.000,星美正大影城,四厅
XM4156    ,奇迹,加拿大,丹尼尔·格洛,泽维尔·多兰，妮娜·劳伦,2014-06-15 20:45:00.000,星美正大影城,四厅
XM4143    ,冒牌王子,意大利,亚历桑德罗·希亚尼,亚历桑德罗·希亚尼，克里斯蒂安·德·西卡，莎拉·菲尔伯鲍姆,2014-06-14 13:30:00.000,星美正大影城,四厅
XM4226    ,她,美国,斯派克·琼斯,杰昆·菲尼克斯，斯嘉丽·约翰逊,2014-06-22 20:45:00.000,星美正大影城,四厅
XM4175    ,九天零一个清晨,俄罗斯,薇拉·斯托洛日娃,安娜·雪碧妮娜，奥尔加·波波娃，谢尔盖·普斯科帕里斯,2014-06-17 18:30:00.000,星美正大影城,四厅
XM4186    ,九顶假发的女孩,德国,马克·罗斯曼,丽莎·托马舍夫斯基，卡洛琳·特斯卡,2014-06-18 20:45:00.000,星美正大影城,四厅
XM4155    ,战栗丛林,澳大利亚,亚伦·威尔逊,Khan Chittenden， 莫子仪,2014-06-15 18:30:00.000,星美正大影城,四厅
XM4185    ,独宿,加拿大,艾萨克·克拉维特, Annie Clark， Daniel Kash， Richard Clarkin ,2014-06-18 18:30:00.000,星美正大影城,四厅
YH1153    ,舞台姐妹,中国,谢晋,谢芳，曹银娣,2014-06-15 13:30:00.000,永华电影城,一厅
YH1156    ,黑金杀机,美国,雷德利·斯科特,迈克尔·斯宾德，  布拉德·皮特,2014-06-15 20:45:00.000,永华电影城,一厅
YH1206    ,银行女劫匪,德国,克里斯蒂安·阿瓦特,肯·杜肯，娜达莎·布锐妮克,2014-06-20 20:45:00.000,永华电影城,一厅
YH1226    ,悲惨世界 4K,法国,雷蒙德·伯纳德,哈利·鲍尔，查尔斯·文恩 ,2014-06-22 20:45:00.000,永华电影城,一厅
YH1225    ,玩命毒师,意大利,西德尼·西比利亚,艾多尔多·里奥，瓦莱丽亚·索拉里诺，瓦莱里奥·阿普雷亚,2014-06-22 18:30:00.000,永华电影城,一厅
YH1213    ,太秦灯光下,日本,落合贤,福本清三，山本千寻，本田博太郎,2014-06-21 13:30:00.000,永华电影城,一厅
YH8166    ,徐葆光眼中的琉球,日本,本乡义明,,2014-06-16 20:45:00.000,永华电影城,八厅
YH8155    ,离巨星二十英尺,美国,摩根·内维尔,娄·阿德勒,2014-06-15 18:30:00.000,永华电影城,八厅
YH8146    ,地峡,泰国,皮拉查·科尔德辛特，索帕宛·布尼米特拉,桑通·哥图，玛瑞萨·基德,2014-06-14 20:45:00.000,永华电影城,八厅
YH8175    ,坚持到底,美国,艾伦·希克斯,克拉克·泰瑞，昆西·琼斯，贺比·汉考克,2014-06-17 18:30:00.000,永华电影城,八厅
YH8145    ,声音城市,美国,大卫·格鲁,保罗·麦卡特尼，尼尔·杨， 大卫·格鲁,2014-06-14 18:30:00.000,永华电影城,八厅
          ,松上雪,,佩曼·莫阿迪,萨巴·阿巴，马纳兹·阿什哈尔,2014-06-16 18:30:00.000,永华电影城,八厅
YH8195    ,阿姆斯特朗谎言,美国,亚历克斯·吉布尼,兰斯·阿姆斯特朗，瑞德·阿尔伯戈蒂，法兰基·安德瑞,2014-06-19 18:30:00.000,永华电影城,八厅
YH8185    ,玛利亚与蜘蛛侠,阿根廷,玛利亚·维多利亚·温尼斯,帕布罗·阿吉雷·安德拉德,2014-06-18 18:30:00.000,永华电影城,八厅
YH8176    ,PULP乐队：一部关于生、死、超市的电影,英国,弗洛里安·哈比希特,贾维斯·考科尔，尼克·班克斯，坎迪达·朵依,2014-06-17 20:45:00.000,永华电影城,八厅
YH8156    ,图兰朵,中国,陈薪伊,孙秀苇，戴玉强，幺红，田浩江,2014-06-15 20:45:00.000,永华电影城,八厅
YH8216    ,美国革命：格蕾斯·利·博格斯的演变,美国,格雷斯·李,斯·利·博格斯，丹尼·格洛弗，安吉拉·戴维斯,2014-06-21 20:45:00.000,永华电影城,八厅
YH8215    ,罗马环城高速,意大利,吉安弗兰科·罗西,,2014-06-21 18:30:00.000,永华电影城,八厅
YH8206    ,大卫林奇之杜兰杜兰：回归真我,美国,大卫·林奇,西蒙·勒邦，约翰·泰勒,2014-06-20 20:45:00.000,永华电影城,八厅
YH8205    ,秘林寻踪,韩国,朴正律,申贤彬，允泰雄,2014-06-20 18:30:00.000,永华电影城,八厅
YH8186    ,眩晕,美国,露西·沃克,凯文·皮尔斯,2014-06-18 20:45:00.000,永华电影城,八厅
YH1215    ,码头风云 4K,美国,伊利亚·卡赞,马龙·白兰度，爱娃·玛丽·森特,2014-06-21 18:30:00.000,永华电影城,一厅
YH1214    ,编舟记,日本,石井裕也,松田龙平，宫崎葵，小田切让,2014-06-21 15:45:00.000,永华电影城,一厅
YH1205    ,标靶,韩国,尹鸿承,柳承龙，李真旭,2014-06-20 18:30:00.000,永华电影城,一厅
YH8196    ,抒情男高音,韩国,金相万,刘智泰，伊势谷友介，车艺莲,2014-06-19 20:45:00.000,永华电影城,八厅
YH8225    ,浮生一页,印度,奥雅普·曼纳,帕比特拉·拉布哈，塔卢拉塔·库都,2014-06-22 18:30:00.000,永华电影城,八厅
YH8226    ,珠峰史诗,英国,约翰·诺尔,安德鲁·欧文，乔治·马洛里,2014-06-22 20:45:00.000,永华电影城,八厅
YH1155    ,上海小姐 4K,美国,奥逊·威尔斯,奥逊·威尔斯，丽塔·海华斯,2014-06-15 18:30:00.000,永华电影城,一厅
YH1154    ,欲望号街车,美国,伊利亚·卡赞,马龙·白兰度，费雯·丽,2014-06-15 15:45:00.000,永华电影城,一厅
YH1144    ,战火,意大利,罗伯托·罗西里尼,卡梅拉·萨奇奥，罗伯特·范·隆,2014-06-14 15:45:00.000,永华电影城,一厅
YH1196    ,祖鲁,法国,杰罗姆·塞勒,奥兰多·布鲁姆，福里斯特·惠特克，坦尼亚·范·格兰,2014-06-19 20:45:00.000,永华电影城,一厅
YH1195    ,费城故事 4K,美国,乔纳森·戴米,汤姆·汉克斯，丹泽尔·华盛顿,2014-06-19 18:30:00.000,永华电影城,一厅
YH1216    ,风,意大利,马可·西蒙·普西奥尼,瓦莱莉·高利诺，切瑞拉·凯瑟莉,2014-06-21 20:45:00.000,永华电影城,一厅
YH1186    ,真不走运,德国,彼得·托沃斯,莫里兹·布雷多，阿克赛·斯坦,2014-06-18 20:45:00.000,永华电影城,一厅
YH1176    ,天堂的孩子 4K,法国,马塞尔·卡尔内,让·路易斯·巴劳特，阿莱缇,2014-06-17 20:45:00.000,永华电影城,一厅
YH1146    ,看不见的女人,英国,拉尔夫·费因斯,拉尔夫·费因斯，费莉西蒂·琼斯,2014-06-14 20:45:00.000,永华电影城,一厅
YH1185    ,少年林肯,美国,A.J.霍华斯, 黛安·克鲁格 ，杰森·克拉科 ，布里特·马灵 ， 韦斯·本特利,2014-06-18 18:30:00.000,永华电影城,一厅
YH1175    ,恐怖直播,韩国,金秉祐,河正宇,2014-06-17 18:30:00.000,永华电影城,一厅
YH1165    ,自私的巨人,英国,克里欧·巴纳德,康纳·查普曼，舍恩·托马斯,2014-06-16 18:30:00.000,永华电影城,一厅
YH1145    ,布达佩斯大饭店,美国,韦斯·安德森, 拉尔夫·费因斯 ， 托尼·雷沃洛利 ， 艾德里安·布洛迪,2014-06-14 18:30:00.000,永华电影城,一厅
          ,莫里埃尔,法国,阿伦·雷乃,德菲因·塞里格，让·皮埃尔·科林,2014-06-22 13:30:00.000,永华电影城,一厅
YH1166    ,"纽约,我爱你",,,,2014-06-16 20:45:00.000,永华电影城,一厅
YH1143    ,罗马，不设防的城市 4K,意大利,罗伯特·罗西里尼,安娜·玛妮雅妮，马塞洛·巴格利埃罗,2014-06-14 13:30:00.000,永华电影城,一厅
YH1224    ,心之归属,法国,阿伦·雷乃,萨宾·阿泽玛，伊莎贝尔·卡雷,2014-06-22 15:45:00.000,永华电影城,一厅
YH1223    ,莫里埃尔,法国,阿伦·雷乃,德菲因·塞里格，让·皮埃尔·科林,2014-06-22 13:30:00.000,永华电影城,一厅
GT2166    ,姐妹情深,德国,多米尼克·格拉夫,汉瑞特·弗丽斯，弗洛里安·泰特，汉娜·斯普朗,2014-06-16 20:45:00.000,国泰电影院,二厅
GT2145    ,男孩与世界,巴西,阿勒·阿布鲁,马可·奥雷，里奥·卡珀斯,2014-06-14 18:30:00.000,国泰电影院,二厅
GT2225    ,牛仔,克罗地亚共和国,托米斯拉夫·马尔西克,Sasa Anocic,2014-06-22 18:30:00.000,国泰电影院,二厅
GT2224    ,俄国公熊,俄罗斯,格列布·奥尔洛夫,弗拉迪米尔·伊雷因,2014-06-22 15:45:00.000,国泰电影院,二厅
GT2176    ,巴勒莫狂花,意大利,艾玛·丹特,艾玛·丹特，伊莲娜·科塔，阿尔芭·洛尔瓦彻,2014-06-17 20:45:00.000,国泰电影院,二厅
GT2175    ,生存法则,加拿大,罗斯·弗格森,达斯汀·米利甘，迈克尔·艾克朗德，汤姆·巴特勒,2014-06-17 18:30:00.000,国泰电影院,二厅
GT2215    ,欲望号街车,美国,伊利亚·卡赞,马龙·白兰度，费雯·丽,2014-06-21 18:30:00.000,国泰电影院,二厅
GT2213    ,几度春风几度霜,法国,阿伦·雷乃,萨宾·阿泽玛，安德烈·杜索里埃,2014-06-21 13:30:00.000,国泰电影院,二厅
GT2143    ,匹诺曹,德国,安娜·贾斯蒂,马里奥·阿道夫，罗伯特·拜耳,2014-06-14 13:30:00.000,国泰电影院,二厅
GT2216    ,古宅惊魂,美国,詹姆斯·温,朗·里维斯顿，莉莉·泰勒,2014-06-21 20:45:00.000,国泰电影院,二厅
GT2165    ,寻找小糖人,瑞典,马利克·本德让劳尔,罗德里格兹,2014-06-16 18:30:00.000,国泰电影院,二厅
GT2155    ,一切尽失,美国,J·C·陈多尔,罗伯特·雷德福,2014-06-15 18:30:00.000,国泰电影院,二厅
GT2226    ,冬日奇缘,美国,阿齐瓦·高斯曼, 柯林·法瑞尔 ，马修·波莫 ， 露西·格里菲思,2014-06-22 20:45:00.000,国泰电影院,二厅
GT2223    ,牧场心旅,加拿大,泽维尔·多兰,泽维尔·多兰，皮埃尔·伊夫·卡迪纳尔,2014-06-22 13:30:00.000,国泰电影院,二厅
GT2186    ,心之归属,法国,阿伦·雷乃,萨宾·阿泽玛，伊莎贝尔·卡雷,2014-06-18 20:45:00.000,国泰电影院,二厅
GT2185    ,莫里埃尔,法国,阿伦·雷乃,德菲因·塞里格，让·皮埃尔·科林,2014-06-18 18:30:00.000,国泰电影院,二厅
GT2195    ,我的傻外甥,意大利,马特奥·顾里图,朱塞佩·巴蒂斯通，泰科·切利奥，罗科·普拉斯尼卡,2014-06-19 18:30:00.000,国泰电影院,二厅
GT2156    ,我死在那年夏天,泰国,吉帝塔·当司里吉,哲拉予·拉翁马尼，苏塔妲·梧冬晴,2014-06-15 20:45:00.000,国泰电影院,二厅
GT2154    ,双城之恋,印度,阿布舍克·瓦尔马, 阿琼·卡普尔 ，阿莉雅·布哈特 ， 阿莫瑞塔·金格 ， 洛尼特·罗伊,2014-06-15 15:45:00.000,国泰电影院,二厅
GT2144    ,纯净柔软的心,日本,新城毅彦,长泽雅美，冈田将生，中村苍,2014-06-14 15:45:00.000,国泰电影院,二厅
GT2153    ,弗兰克,英国,兰纳德·阿伯拉罕森,迈克尔·法斯宾德，玛吉·吉伦哈尔 ，多姆纳尔·格利森 ,2014-06-15 13:30:00.000,国泰电影院,二厅
GT2146    ,丰硕,澳大利亚,里斯·格拉哈姆,艾什莉·康宁斯，莉莉·沙利文，托比·华莱士,2014-06-14 20:45:00.000,国泰电影院,二厅
GT2214    ,我的美国舅舅,法国,阿伦·雷乃,杰拉尔·德帕迪约，妮可·加西亚,2014-06-21 15:45:00.000,国泰电影院,二厅
GT2206    ,结婚前夜,韩国,洪智暎,金康宇，李妍熙,2014-06-20 20:45:00.000,国泰电影院,二厅
GT2205    ,画池,伊朗,马兹亚·米瑞,沙哈布·候赛尼，内加·贾法赫莲,2014-06-20 18:30:00.000,国泰电影院,二厅
GT2196    ,史塔维斯基,法国,阿伦·雷乃,让·保罗·贝尔蒙多， 查尔斯·鲍育,2014-06-19 20:45:00.000,国泰电影院,二厅
HS1156    ,姐妹情深,德国,多米尼克·格拉夫,汉瑞特·弗丽斯，弗洛里安·泰特，汉娜·斯普朗,2014-06-15 20:45:00.000,衡山电影院,一厅
HS1146    ,不义之财 3,瑞典,简·约翰森,马蒂亚斯·瓦雷拉，乔尔·金纳曼，马丁·沃斯特罗姆,2014-06-14 20:45:00.000,衡山电影院,一厅
HS1214    ,纵情一曲,法国,阿伦·雷乃,萨宾·阿泽玛，西波里特·吉拉多特,2014-06-21 15:45:00.000,衡山电影院,一厅
HS1196    ,墙后低语,德国,格热戈日·穆斯卡拉,文森特·戴茨基，卡特琳娜·海耶,2014-06-19 20:45:00.000,衡山电影院,一厅
HS1226    ,小英格兰,希腊,潘多利·佛加瑞,Pinelopi Tsilika，Sofia Kokkali，Aneza Papadopoulou,2014-06-22 20:45:00.000,衡山电影院,一厅
HS1225    ,冒牌王子,意大利,亚历桑德罗·希亚尼,亚历桑德罗·希亚尼，克里斯蒂安·德·西卡，莎拉·菲尔伯鲍姆,2014-06-22 18:30:00.000,衡山电影院,一厅
HS1224    ,编舟记,日本,石井裕也,松田龙平，宫崎葵，小田切让,2014-06-22 15:45:00.000,衡山电影院,一厅
HS1215    ,蜡笔小新 决一胜负！逆袭的机器人爸爸(HDCAM),日本,高桥涉,配音：矢岛晶子，楢桥美纪，藤原启治,2014-06-21 18:30:00.000,衡山电影院,一厅
HS1206    ,冬日奇缘,美国,阿齐瓦·高斯曼, 柯林·法瑞尔 ，马修·波莫 ， 露西·格里菲思,2014-06-20 20:45:00.000,衡山电影院,一厅
HS1186    ,曼德拉:漫漫自由路,英国,贾斯汀·查德维克,伊德里斯·艾尔巴，娜奥米·哈里斯,2014-06-18 20:45:00.000,衡山电影院,一厅
HS1185    ,蜜月杀机,英国,霍辛·阿米尼, 克斯汀·邓斯特 ，维果·莫腾森 ，奥斯卡·伊萨克,2014-06-18 18:30:00.000,衡山电影院,一厅
HS1175    ,没有航标的河流,中国,吴天明,李纬，胡荣华,2014-06-17 18:30:00.000,衡山电影院,一厅
HS1154    ,广告风云 (HDCAM),日本,永井聪,妻夫木聪，北川景子，丰川悦司,2014-06-15 15:45:00.000,衡山电影院,一厅
HS1153    ,哆啦A梦：新·大雄的大魔境～扁扁与5人之探险队～（HDCAM),日本,八锹新之助,水田山葵 ，大原めぐみ ，嘉数由美 ，木村昴 ，关智一 ， 千秋,2014-06-15 13:30:00.000,衡山电影院,一厅
HS1145    ,蜡笔小新 决一胜负！逆袭的机器人爸爸(HDCAM),日本,高桥涉,配音：矢岛晶子，楢桥美纪，藤原启治,2014-06-14 18:30:00.000,衡山电影院,一厅
HS1143    ,哆啦A梦：新·大雄的大魔境～扁扁与5人之探险队～（HDCAM),日本,八锹新之助,水田山葵 ，大原めぐみ ，嘉数由美 ，木村昴 ，关智一 ， 千秋,2014-06-14 13:30:00.000,衡山电影院,一厅
HS1223    ,白雪公主杀人事件 (HDCAM),日本,中村义洋,井上真央，绫野刚， 菜菜绪,2014-06-22 13:30:00.000,衡山电影院,一厅
HS1216    ,恶童日记,匈牙利,雅诺丝·萨扎兹,皮若斯卡·莫尔纳，安德拉斯·基也曼特，拉斯佐罗·基也曼特,2014-06-21 20:45:00.000,衡山电影院,一厅
HS1205    ,昆虫总动员3D,法国,托马斯·占波，海伦·格瑞德,,2014-06-20 18:30:00.000,衡山电影院,一厅
HS1176    ,奥兰多 (HDCAM),英国,莎莉·波特,蒂尔达·斯文顿，比利·赞恩，Quentin Crisp，John Bott,2014-06-17 20:45:00.000,衡山电影院,一厅
HS1166    ,看不见的女人,英国,拉尔夫·费因斯,拉尔夫·费因斯，费莉西蒂·琼斯,2014-06-16 20:45:00.000,衡山电影院,一厅
HS1165    ,摩纳哥王妃,法国,奥利维耶·达昂,妮可·基德曼，蒂姆·罗斯,2014-06-16 18:30:00.000,衡山电影院,一厅
HS1155    ,布达佩斯大饭店,美国,韦斯·安德森, 拉尔夫·费因斯 ， 托尼·雷沃洛利 ， 艾德里安·布洛迪,2014-06-15 18:30:00.000,衡山电影院,一厅
HS1144    ,菲洛梅娜,英国,斯蒂芬·弗雷斯,朱迪·丹奇，史蒂夫·库根,2014-06-14 15:45:00.000,衡山电影院,一厅
CY1216    ,突出重围,俄罗斯,阿列克谢·乌奇捷利,阿尔乔姆·贝斯特罗夫，亚瑟·斯莫扬诺夫，帕维尔·沃罗佐索夫,2014-06-21 20:45:00.000,曹杨影城,一厅
CY1145    ,九天零一个清晨,俄罗斯,薇拉·斯托洛日娃,安娜·雪碧妮娜，奥尔加·波波娃，谢尔盖·普斯科帕里斯,2014-06-14 18:30:00.000,曹杨影城,一厅
CY1226    ,黑金杀机,美国,雷德利·斯科特,迈克尔·斯宾德，  布拉德·皮特,2014-06-22 20:45:00.000,曹杨影城,一厅
CY1215    ,七个小“杀手”,意大利,玛泰·安德雷奥利,吉安马可·托纳兹，米开罗·范尼图奇，洛萨莉亚·鲁索,2014-06-21 18:30:00.000,曹杨影城,一厅
CY1196    ,窈窕舞妓,日本,周防 正行,上白石萌音，长谷川博己,2014-06-19 20:45:00.000,曹杨影城,一厅
CY1154    ,劳伦斯与霍洛曼,加拿大,马修·科沃尔彻克,本·科腾，丹尼尔·阿诺德，凯瑟琳·伊莎贝拉,2014-06-15 15:45:00.000,曹杨影城,一厅
CY1206    ,不义之财 3,瑞典,简·约翰森,马蒂亚斯·瓦雷拉，乔尔·金纳曼，马丁·沃斯特罗姆,2014-06-20 20:45:00.000,曹杨影城,一厅
CY1195    ,太秦灯光下,日本,落合贤,福本清三，山本千寻，本田博太郎,2014-06-19 18:30:00.000,曹杨影城,一厅
CY1186    ,悲惨世界 4K,法国,雷蒙德·伯纳德,哈利·鲍尔，查尔斯·文恩 ,2014-06-18 20:45:00.000,曹杨影城,一厅
CY1185    ,怒海沉尸 4K,法国,雷内·克莱芒,阿兰·德龙，莫里斯·荣内特,2014-06-18 18:30:00.000,曹杨影城,一厅
CY1155    ,悬案密码：笼中女人,丹麦,迈克尔·诺加德,尼古拉·雷·卡斯，法瑞斯·法瑞斯,2014-06-15 18:30:00.000,曹杨影城,一厅
CY1225    ,黑执事,日本,大谷健太郎, 刚力彩芽，山本美月,2014-06-22 18:30:00.000,曹杨影城,一厅
CY1166    ,悲喜人生,丹麦,尼尔斯·马尔姆洛斯,雅各布·德格恩，海勒·格瑞德,2014-06-16 20:45:00.000,曹杨影城,一厅
CY1156    ,墙后低语,德国,格热戈日·穆斯卡拉,文森特·戴茨基，卡特琳娜·海耶,2014-06-15 20:45:00.000,曹杨影城,一厅
CY1144    ,索菲亚的七个男友,波兰,维罗妮卡·米根,卡特日什娜·马兹格，克日什托夫·格洛比什,2014-06-14 15:45:00.000,曹杨影城,一厅
CY1214    ,俄国公熊,俄罗斯,格列布·奥尔洛夫,弗拉迪米尔·伊雷因,2014-06-21 15:45:00.000,曹杨影城,一厅
CY1146    ,凄厉人妻,泰国,班庄·比辛达拿刚,马里奥·毛瑞尔，达维卡·豪恩,2014-06-14 20:45:00.000,曹杨影城,一厅
CY1224    ,上海小姐 4K,美国,奥逊·威尔斯,奥逊·威尔斯，丽塔·海华斯,2014-06-22 15:45:00.000,曹杨影城,一厅
CY1205    ,纯净柔软的心,日本,新城毅彦,长泽雅美，冈田将生，中村苍,2014-06-20 18:30:00.000,曹杨影城,一厅
CY1176    ,帕特里克之日,爱尔兰,特里·麦克马洪,凯莉·福克斯，默·当福德,2014-06-17 20:45:00.000,曹杨影城,一厅
CY1175    ,标靶,韩国,尹鸿承,柳承龙，李真旭,2014-06-17 18:30:00.000,曹杨影城,一厅
CY1165    ,家路,,久保田直,松山研一，田中裕子，安藤樱,2014-06-16 18:30:00.000,曹杨影城,一厅
SJ4214    ,第一个夏天,葡萄牙,阿德里亚诺·门德斯,安娜贝拉·卡耶塔诺，阿德里亚诺·门德斯,2014-06-21 15:45:00.000,新世纪影城,四厅
SJ4185    ,医恋俏佳人,法国,阿克塞尔·罗贝尔,塞德里克·康，露易丝·布尔昆,2014-06-18 18:30:00.000,新世纪影城,四厅
SJ4165    ,雅思敏,文莱,西堤·卡马鲁丁,西堤·卡马鲁丁，陈文清,2014-06-16 18:30:00.000,新世纪影城,四厅
SJ4216    ,不义之财 3,瑞典,简·约翰森,马蒂亚斯·瓦雷拉，乔尔·金纳曼，马丁·沃斯特罗姆,2014-06-21 20:45:00.000,新世纪影城,四厅
SJ4224    ,爱到疯狂,泰国,瑞克查·庞派奇,帕孔·察特伯卡,2014-06-22 15:45:00.000,新世纪影城,四厅
SJ4213    ,汉娜的旅程,德国,朱莉娅·冯·海因茨,卡罗利妮·舒赫 ，多伦·阿米特 ,2014-06-21 13:30:00.000,新世纪影城,四厅
SJ4143    ,约兹加特蓝调,土耳其,马穆特·伐希尔·库斯昆,厄康·吉赛尔，阿亚卡·达姆卡西,2014-06-14 13:30:00.000,新世纪影城,四厅
SJ4226    ,巴西之西,巴西,雷内·桑帕约,法布里西奥·波利维拉，伊希斯·瓦尔维德,2014-06-22 20:45:00.000,新世纪影城,四厅
SJ4154    ,哀叹,德国,俊斯·琼森,古列拉·儒勒，亨德里·克力，比约恩·安德森,2014-06-15 15:45:00.000,新世纪影城,四厅
SJ4145    ,家路,,久保田直,松山研一，田中裕子，安藤樱,2014-06-14 18:30:00.000,新世纪影城,四厅
SJ4196    ,巴勒莫狂花,意大利,艾玛·丹特,艾玛·丹特，伊莲娜·科塔，阿尔芭·洛尔瓦彻,2014-06-19 20:45:00.000,新世纪影城,四厅
SJ4186    ,祖谷物语,日本,茑哲一朗,武田梨奈，大西信满，河濑直美,2014-06-18 20:45:00.000,新世纪影城,四厅
SJ4175    ,国际象棋游戏,巴西,路易斯·安东尼奥· 佩雷拉,Wesley Aguiar，Tuca Andrada,2014-06-17 18:30:00.000,新世纪影城,四厅
SJ4153    ,补丁镇,加拿大,克雷格·古德维尔,佐伊·帕尔默，朱利安·瑞钦斯，斯科特·汤普森,2014-06-15 13:30:00.000,新世纪影城,四厅
SJ4176    ,看不见的女人,英国,拉尔夫·费因斯,拉尔夫·费因斯，费莉西蒂·琼斯,2014-06-17 20:45:00.000,新世纪影城,四厅
SJ4166    ,真不走运,德国,彼得·托沃斯,莫里兹·布雷多，阿克赛·斯坦,2014-06-16 20:45:00.000,新世纪影城,四厅
SJ4225    ,PULP乐队：一部关于生、死、超市的电影,英国,弗洛里安·哈比希特,贾维斯·考科尔，尼克·班克斯，坎迪达·朵依,2014-06-22 18:30:00.000,新世纪影城,四厅
SJ4206    ,该隐之子,西班牙,赫苏斯·蒙亚奥·普拉纳,大卫·索兰斯，何塞·科罗纳，胡利欧·曼里克,2014-06-20 20:45:00.000,新世纪影城,四厅
SJ4205    ,武士的食谱,日本,朝原雄三,上户彩，高良健吾，西田敏行,2014-06-20 18:30:00.000,新世纪影城,四厅
SJ4155    ,家,瑞典,马克西米连·霍特,莫阿·格梅尔，莉娜·宝珊,2014-06-15 18:30:00.000,新世纪影城,四厅
SJ4156    ,玛丽娜,比利时,史迪金·柯宁斯,马提奥·西摩尼，卢伊吉洛·肖卡,2014-06-15 20:45:00.000,新世纪影城,四厅
SJ4146    ,莎拉宁愿跑步,加拿大,科洛·罗比乔德,索菲·德马雷，让·塞巴斯蒂安·库尔谢尼,2014-06-14 20:45:00.000,新世纪影城,四厅
SJ4144    ,与囚共舞,印度,迪内希·波祖,,2014-06-14 15:45:00.000,新世纪影城,四厅
SJ4223    ,十分钟,,李勇胜,白钟焕,2014-06-22 13:30:00.000,新世纪影城,四厅
SJ4215    ,互联网巨魔战争,韩国,严泰和,严泰久，柳慧英,2014-06-21 18:30:00.000,新世纪影城,四厅
SJ4195    ,3D铁三角,法国,彼得·格林纳威，让·吕克·戈达尔，埃德加·佩拉,努诺·梅洛，米格尔·蒙泰罗， 安吉拉·马奎,2014-06-19 18:30:00.000,新世纪影城,四厅
HB0196    ,突出重围,俄罗斯,阿列克谢·乌奇捷利,阿尔乔姆·贝斯特罗夫，亚瑟·斯莫扬诺夫，帕维尔·沃罗佐索夫,2014-06-19 20:45:00.000,沪北电影院,大厅
HB0226    ,不义之财 3,瑞典,简·约翰森,马蒂亚斯·瓦雷拉，乔尔·金纳曼，马丁·沃斯特罗姆,2014-06-22 20:45:00.000,沪北电影院,大厅
HB0215    ,生存法则,加拿大,罗斯·弗格森,达斯汀·米利甘，迈克尔·艾克朗德，汤姆·巴特勒,2014-06-21 18:30:00.000,沪北电影院,大厅
HB0205    ,索菲亚的七个男友,波兰,维罗妮卡·米根,卡特日什娜·马兹格，克日什托夫·格洛比什,2014-06-20 18:30:00.000,沪北电影院,大厅
HB0203    ,俄国公熊,俄罗斯,格列布·奥尔洛夫,弗拉迪米尔·伊雷因,2014-06-20 13:30:00.000,沪北电影院,大厅
HB0195    ,牛仔,克罗地亚共和国,托米斯拉夫·马尔西克,Sasa Anocic,2014-06-19 18:30:00.000,沪北电影院,大厅
HB0216    ,病毒,西班牙,卢卡斯·菲格罗亚,胡安·布兰科，佩德罗·卡萨布兰卡，黛安芬·费尔南德斯,2014-06-21 20:45:00.000,沪北电影院,大厅
HB0213    ,年轻的佩雷兹,法国,雅克·乌瓦尼西,布拉黑姆·阿瑟姆，斯蒂夫·苏伊萨,2014-06-21 13:30:00.000,沪北电影院,大厅
HB0175    ,旗鼓相当,美国,彼得·西格尔,罗伯特·德·尼罗，西尔维斯特·史泰龙,2014-06-17 18:30:00.000,沪北电影院,大厅
HB0224    ,七个小“杀手”,意大利,玛泰·安德雷奥利,吉安马可·托纳兹，米开罗·范尼图奇，洛萨莉亚·鲁索,2014-06-22 15:45:00.000,沪北电影院,大厅
HB0165    ,爱到疯狂,泰国,瑞克查·庞派奇,帕孔·察特伯卡,2014-06-16 18:30:00.000,沪北电影院,大厅
HB0164    ,杜布罗夫斯基,俄罗斯,亚历山大·万大诺夫 ，基里尔·米罕诺夫斯基,丹尼拉·科兹洛夫斯基 ，伊戈尔·戈丁,2014-06-16 15:45:00.000,沪北电影院,大厅
HB0154    ,浪迹巴黎,法国,伊娃·贝罗维奇,迪娜拉·度卡洛娃，玛丽·伊莎贝尔·申思曼,2014-06-15 15:45:00.000,沪北电影院,大厅
HB0225    ,我的傻外甥,意大利,马特奥·顾里图,朱塞佩·巴蒂斯通，泰科·切利奥，罗科·普拉斯尼卡,2014-06-22 18:30:00.000,沪北电影院,大厅
HB0155    ,47浪人,美国,卡尔·里辛,基努·里维斯，真田广之,2014-06-15 18:30:00.000,沪北电影院,大厅
HB0146    ,劳伦斯与霍洛曼,加拿大,马修·科沃尔彻克,本·科腾，丹尼尔·阿诺德，凯瑟琳·伊莎贝拉,2014-06-14 20:45:00.000,沪北电影院,大厅
HB0206    ,达拉斯买家俱乐部,美国,让·马克·瓦雷,马修·麦康纳，杰瑞德·莱托,2014-06-20 20:45:00.000,沪北电影院,大厅
HB0204    ,42号传奇,美国,布莱恩·海尔格兰德,查德维克·博斯曼 ，哈里森·福特,2014-06-20 15:45:00.000,沪北电影院,大厅
HB0193    ,绿意依旧盎然,奥地利,马克·纳贝斯尼克,克里斯蒂安·霍德科，阿普·林登伯格，迈克尔·克里斯托夫,2014-06-19 13:30:00.000,沪北电影院,大厅
HB0185    ,瓦西里撒,俄罗斯,安东·希维斯,斯维特拉纳·库德钦科娃，德米特里·索罗米钦，杰罗姆·库辛,2014-06-18 18:30:00.000,沪北电影院,大厅
HB0145    ,孤独的生还者,美国,彼得·博格,马克·沃尔伯格，泰勒·克奇,2014-06-14 18:30:00.000,沪北电影院,大厅
HB0144    ,当我们还是少年,加拿大,理查德·古多,西蒙·彼金，德瑞克·波桑，塞缪尔·高瑟,2014-06-14 15:45:00.000,沪北电影院,大厅
HB0214    ,大梦想家,美国,约翰·李·汉考克,艾玛·汤普森，汤姆·汉克斯,2014-06-21 15:45:00.000,沪北电影院,大厅
HB0194    ,世界上最强的男人,加拿大,丹尼尔·罗比,安托万·贝特朗，纪尧姆·西尔，吉尔·贝罗斯,2014-06-19 15:45:00.000,沪北电影院,大厅
HB0184    ,拯救,意大利,法比奥·格拉萨多尼亚，安东尼奥·皮亚扎,萨利赫·巴克里，卢伊吉洛·肖卡，卡洛琳娜·克雷仙蒂,2014-06-18 15:45:00.000,沪北电影院,大厅
HB0174    ,强悍,意大利,吉安尼·阿梅利奥,安东尼奥·阿尔巴内斯，利维亚·罗西,2014-06-17 15:45:00.000,沪北电影院,大厅
TD1144    ,第一个夏天,葡萄牙,阿德里亚诺·门德斯,安娜贝拉·卡耶塔诺，阿德里亚诺·门德斯,2014-06-14 15:45:00.000,UME新天地国际影城,一厅
TD1224    ,劳伦斯与霍洛曼,加拿大,马修·科沃尔彻克,本·科腾，丹尼尔·阿诺德，凯瑟琳·伊莎贝拉,2014-06-22 15:45:00.000,UME新天地国际影城,一厅
TD1186    ,守护天使,加拿大,让·塞巴斯蒂安·罗德,玛丽莲·卡斯顿圭，盖伊·纳顿,2014-06-18 20:45:00.000,UME新天地国际影城,一厅
TD1156    ,真不走运,德国,彼得·托沃斯,莫里兹·布雷多，阿克赛·斯坦,2014-06-15 20:45:00.000,UME新天地国际影城,一厅
TD1145    ,虎兔英雄传剧场版-崛起,日本,米谷良知,中村悠一，平田广明，平田广明,2014-06-14 18:30:00.000,UME新天地国际影城,一厅
TD1154    ,少年林肯,美国,A.J.霍华斯, 黛安·克鲁格 ，杰森·克拉科 ，布里特·马灵 ， 韦斯·本特利,2014-06-15 15:45:00.000,UME新天地国际影城,一厅
TD1176    ,墙后低语,德国,格热戈日·穆斯卡拉,文森特·戴茨基，卡特琳娜·海耶,2014-06-17 20:45:00.000,UME新天地国际影城,一厅
TD1165    ,玩命毒师,意大利,西德尼·西比利亚,艾多尔多·里奥，瓦莱丽亚·索拉里诺，瓦莱里奥·阿普雷亚,2014-06-16 18:30:00.000,UME新天地国际影城,一厅
TD1206    ,灵触3D,泰国,泊查依 红格拉塔纳珀,纳瓦·君拉纳拉，雅雅英,2014-06-20 20:45:00.000,UME新天地国际影城,一厅
TD1205    ,黑执事,日本,大谷健太郎, 刚力彩芽，山本美月,2014-06-20 18:30:00.000,UME新天地国际影城,一厅
TD1153    ,沙漠驼影,澳大利亚,约翰·卡兰,米娅·华希科沃斯卡，亚当·德赖弗,2014-06-15 13:30:00.000,UME新天地国际影城,一厅
TD1223    ,就是你，查理,加拿大,艾玛纽尔.诗瑞尼安,迈克尔·科恩，艾玛·弗勒里,2014-06-22 13:30:00.000,UME新天地国际影城,一厅
TD1215    ,继续活着,英国,乌贝托·帕索里尼,埃迪·马森 ，琼安·弗洛加特，安德鲁·巴肯,2014-06-21 18:30:00.000,UME新天地国际影城,一厅
TD1214    ,杜布罗夫斯基,俄罗斯,亚历山大·万大诺夫 ，基里尔·米罕诺夫斯基,丹尼拉·科兹洛夫斯基 ，伊戈尔·戈丁,2014-06-21 15:45:00.000,UME新天地国际影城,一厅
TD1166    ,42号传奇,美国,布莱恩·海尔格兰德,查德维克·博斯曼 ，哈里森·福特,2014-06-16 20:45:00.000,UME新天地国际影城,一厅
TD1155    ,我的傻外甥,意大利,马特奥·顾里图,朱塞佩·巴蒂斯通，泰科·切利奥，罗科·普拉斯尼卡,2014-06-15 18:30:00.000,UME新天地国际影城,一厅
TD1226    ,泡沫人生,法国,米歇尔·冈瑞,罗曼·杜里斯，奥黛丽·塔图,2014-06-22 20:45:00.000,UME新天地国际影城,一厅
TD1225    ,蜜月杀机,英国,霍辛·阿米尼, 克斯汀·邓斯特 ，维果·莫腾森 ，奥斯卡·伊萨克,2014-06-22 18:30:00.000,UME新天地国际影城,一厅
TD1216    ,男孩们和吉约姆,法国,吉约姆·高丽安,吉约姆·高丽安，安德烈·马尔孔，弗兰西丝·法比安,2014-06-21 20:45:00.000,UME新天地国际影城,一厅
TD1213    ,马孔多,奥地利,苏达贝·莫特塞,拉马萨·明凯洛，阿斯兰·埃尔比,2014-06-21 13:30:00.000,UME新天地国际影城,一厅
TD1146    ,小英格兰,希腊,潘多利·佛加瑞,Pinelopi Tsilika，Sofia Kokkali，Aneza Papadopoulou,2014-06-14 20:45:00.000,UME新天地国际影城,一厅
TD1143    ,自我,瑞典,丽莎·詹姆斯·拉赫松,马丁·沃斯特罗姆，玛莲娜·艾秋,2014-06-14 13:30:00.000,UME新天地国际影城,一厅
TD1196    ,唯爱永生,英国,吉姆·贾木许,蒂尔达·斯文顿，汤姆·希德勒斯顿,2014-06-19 20:45:00.000,UME新天地国际影城,一厅
TD1195    ,恐怖直播,韩国,金秉祐,河正宇,2014-06-19 18:30:00.000,UME新天地国际影城,一厅
TD1185    ,换个人来爱,法国,艾曼纽勒·莫雷,维吉妮·拉朵嫣，乔伊·斯塔尔,2014-06-18 18:30:00.000,UME新天地国际影城,一厅
TD1175    ,冒牌王子,意大利,亚历桑德罗·希亚尼,亚历桑德罗·希亚尼，克里斯蒂安·德·西卡，莎拉·菲尔伯鲍姆,2014-06-17 18:30:00.000,UME新天地国际影城,一厅
QY1186    ,突出重围,俄罗斯,阿列克谢·乌奇捷利,阿尔乔姆·贝斯特罗夫，亚瑟·斯莫扬诺夫，帕维尔·沃罗佐索夫,2014-06-18 20:45:00.000,曲阳影都,一厅
QY1166    ,银行女劫匪,德国,克里斯蒂安·阿瓦特,肯·杜肯，娜达莎·布锐妮克,2014-06-16 20:45:00.000,曲阳影都,一厅
QY1176    ,不义之财 3,瑞典,简·约翰森,马蒂亚斯·瓦雷拉，乔尔·金纳曼，马丁·沃斯特罗姆,2014-06-17 20:45:00.000,曲阳影都,一厅
QY1225    ,沙漠驼影,澳大利亚,约翰·卡兰,米娅·华希科沃斯卡，亚当·德赖弗,2014-06-22 18:30:00.000,曲阳影都,一厅
QY1213    ,国际象棋游戏,巴西,路易斯·安东尼奥· 佩雷拉,Wesley Aguiar，Tuca Andrada,2014-06-21 13:30:00.000,曲阳影都,一厅
QY1184    ,回路人生,加拿大,梅林·德维塞维克,大卫·里奇蒙德·派克，理查德·哈蒙,2014-06-18 15:45:00.000,曲阳影都,一厅
QY1214    ,绝命四人组,英国,帕斯卡尔·舒梅,皮尔斯·布鲁斯南，托妮·克莱特，亚伦·保尔,2014-06-21 15:45:00.000,曲阳影都,一厅
QY1155    ,外交秘闻,法国,沃尔克·施隆多夫, 安德烈·杜索里埃 ， 尼尔斯·阿莱斯楚普,2014-06-15 18:30:00.000,曲阳影都,一厅
QY1183    ,礼物,俄罗斯,谢尔盖·卡拉达什,瓦西里·伊万诺夫,2014-06-18 13:30:00.000,曲阳影都,一厅
QY1175    ,俄国公熊,俄罗斯,格列布·奥尔洛夫,弗拉迪米尔·伊雷因,2014-06-17 18:30:00.000,曲阳影都,一厅
QY1165    ,生存法则,加拿大,罗斯·弗格森,达斯汀·米利甘，迈克尔·艾克朗德，汤姆·巴特勒,2014-06-16 18:30:00.000,曲阳影都,一厅
QY1224    ,逐梦师奶,德国,马克·伦辛,斯特芬·库纳特,2014-06-22 15:45:00.000,曲阳影都,一厅
QY1216    ,泡沫人生,法国,米歇尔·冈瑞,罗曼·杜里斯，奥黛丽·塔图,2014-06-21 20:45:00.000,曲阳影都,一厅
QY1223    ,她爱他,法国,珍妮·亨利,桑德利那·吉贝尔兰，Laurent Lafitte,2014-06-22 13:30:00.000,曲阳影都,一厅
QY1206    ,赦免,美国,汤姆·安东,洁米·金，杰森·刘易斯，M·C·盖尼,2014-06-20 20:45:00.000,曲阳影都,一厅
QY1205    ,瓦西里撒,俄罗斯,安东·希维斯,斯维特拉纳·库德钦科娃，德米特里·索罗米钦，杰罗姆·库辛,2014-06-20 18:30:00.000,曲阳影都,一厅
QY1203    ,意外人生,西班牙,若热·托雷格罗萨,坦米·布兰查德，贾维尔·卡马拉,2014-06-20 13:30:00.000,曲阳影都,一厅
QY1194    ,逆鳞,韩国,李才奎,玄彬，郑在咏,2014-06-19 15:45:00.000,曲阳影都,一厅
QY1185    ,暗黑兄弟会,德国,沙维尔·柯勒,芬·亨克尔，莫里兹·布雷多,2014-06-18 18:30:00.000,曲阳影都,一厅
QY1156    ,华颐：吞噬怪物的孩子,韩国,张俊焕,金允石，吕珍九,2014-06-15 20:45:00.000,曲阳影都,一厅
QY1154    ,黑执事,日本,大谷健太郎, 刚力彩芽，山本美月,2014-06-15 15:45:00.000,曲阳影都,一厅
QY1146    ,巴西之西,巴西,雷内·桑帕约,法布里西奥·波利维拉，伊希斯·瓦尔维德,2014-06-14 20:45:00.000,曲阳影都,一厅
QY1145    ,端岛计划,泰国,皮亚潘·秋贝绮,麦克，奥密兹·苏查拉特,2014-06-14 18:30:00.000,曲阳影都,一厅
QY1144    ,双城之恋,印度,阿布舍克·瓦尔马, 阿琼·卡普尔 ，阿莉雅·布哈特 ， 阿莫瑞塔·金格 ， 洛尼特·罗伊,2014-06-14 15:45:00.000,曲阳影都,一厅
QY1143    ,蚁族与明星,孟加拉国,穆斯塔法·萨瓦尔·法罗奇,,2014-06-14 13:30:00.000,曲阳影都,一厅
QY1153    ,孤独的生还者,美国,彼得·博格,马克·沃尔伯格，泰勒·克奇,2014-06-15 13:30:00.000,曲阳影都,一厅
QY1215    ,拯救,意大利,法比奥·格拉萨多尼亚，安东尼奥·皮亚扎,萨利赫·巴克里，卢伊吉洛·肖卡，卡洛琳娜·克雷仙蒂,2014-06-21 18:30:00.000,曲阳影都,一厅
QY1204    ,大梦想家,美国,约翰·李·汉考克,艾玛·汤普森，汤姆·汉克斯,2014-06-20 15:45:00.000,曲阳影都,一厅
QY1196    ,真不走运,德国,彼得·托沃斯,莫里兹·布雷多，阿克赛·斯坦,2014-06-19 20:45:00.000,曲阳影都,一厅
QY1195    ,47浪人,美国,卡尔·里辛,基努·里维斯，真田广之,2014-06-19 18:30:00.000,曲阳影都,一厅
QY1193    ,七个小“杀手”,意大利,玛泰·安德雷奥利,吉安马可·托纳兹，米开罗·范尼图奇，洛萨莉亚·鲁索,2014-06-19 13:30:00.000,曲阳影都,一厅
SH1155    ,第一个夏天,葡萄牙,阿德里亚诺·门德斯,安娜贝拉·卡耶塔诺，阿德里亚诺·门德斯,2014-06-15 18:30:00.000,世纪大上海电影院,一厅
SH1154    ,九天零一个清晨,俄罗斯,薇拉·斯托洛日娃,安娜·雪碧妮娜，奥尔加·波波娃，谢尔盖·普斯科帕里斯,2014-06-15 15:45:00.000,世纪大上海电影院,一厅
SH1176    ,银行女劫匪,德国,克里斯蒂安·阿瓦特,肯·杜肯，娜达莎·布锐妮克,2014-06-17 20:45:00.000,世纪大上海电影院,一厅
SH1224    ,索菲亚的七个男友,波兰,维罗妮卡·米根,卡特日什娜·马兹格，克日什托夫·格洛比什,2014-06-22 15:45:00.000,世纪大上海电影院,一厅
SH1216    ,鳄鱼的黄眼睛,法国,塞西尔·特莱曼,艾曼纽·贝阿，茱莉·德帕迪约，帕特里克·布鲁尔,2014-06-21 20:45:00.000,世纪大上海电影院,一厅
SH1196    ,狼,荷兰,吉姆·塔胡,马尔万·肯扎里，雷蒙德·提哈瑞，娜瑟丁·德查,2014-06-19 20:45:00.000,世纪大上海电影院,一厅
SH1166    ,巴勒莫狂花,意大利,艾玛·丹特,艾玛·丹特，伊莲娜·科塔，阿尔芭·洛尔瓦彻,2014-06-16 20:45:00.000,世纪大上海电影院,一厅
SH1145    ,怨女痴男,印度尼西亚,欧迪C·哈拉哈普,维诺G·巴斯蒂安，阿斯特丽德·蒂亚,2014-06-14 18:30:00.000,世纪大上海电影院,一厅
SH1226    ,秘密炸弹,意大利,罗伯托·罗西里尼,吉纳罗·皮萨诺，玛丽莲·布福德,2014-06-22 20:45:00.000,世纪大上海电影院,一厅
SH1225    ,爱,意大利,罗伯托·罗西里尼,安娜·玛妮雅妮,2014-06-22 18:30:00.000,世纪大上海电影院,一厅
SH1215    ,广告风云 (HDCAM),日本,永井聪,妻夫木聪，北川景子，丰川悦司,2014-06-21 18:30:00.000,世纪大上海电影院,一厅
SH1184    ,乌云压顶,泰国,利·查泰米提古,阿南达·爱华灵咸，珍苏达·帕托,2014-06-18 15:45:00.000,世纪大上海电影院,一厅
SH1175    ,瓦西里撒,俄罗斯,安东·希维斯,斯维特拉纳·库德钦科娃，德米特里·索罗米钦，杰罗姆·库辛,2014-06-17 18:30:00.000,世纪大上海电影院,一厅
SH1165    ,地下铁,英国,安东尼·阿斯奎斯,布赖恩·艾亨，爱丽莎·兰迪,2014-06-16 18:30:00.000,世纪大上海电影院,一厅
SH1144    ,昨天,马来西亚,苏忠源,蔡明亮，侯孝贤，李安,2014-06-14 15:45:00.000,世纪大上海电影院,一厅
SH1205    ,3D铁三角,法国,彼得·格林纳威，让·吕克·戈达尔，埃德加·佩拉,努诺·梅洛，米格尔·蒙泰罗， 安吉拉·马奎,2014-06-20 18:30:00.000,世纪大上海电影院,一厅
SH1195    ,白雪公主杀人事件 (HDCAM),日本,中村义洋,井上真央，绫野刚， 菜菜绪,2014-06-19 18:30:00.000,世纪大上海电影院,一厅
SH1194    ,路过蜻蜓,印度,因德拉尼尔·罗伊乔德瑞,索西妮·萨卡，阿卡什·阿迪卡里,2014-06-19 15:45:00.000,世纪大上海电影院,一厅
SH1186    ,奥兰多 (HDCAM),英国,莎莉·波特,蒂尔达·斯文顿，比利·赞恩，Quentin Crisp，John Bott,2014-06-18 20:45:00.000,世纪大上海电影院,一厅
SH1185    ,劳动节,美国,贾森·雷特曼,凯特·温丝莱特，乔什·布洛林,2014-06-18 18:30:00.000,世纪大上海电影院,一厅
SH1174    ,天使一起降临,伊朗,哈米德·穆罕默德,穆罕默德·雅瓦德·艾扎迪，纳赞宁·巴亚提,2014-06-17 15:45:00.000,世纪大上海电影院,一厅
SH1164    ,我没有生气！,伊朗,雷扎·多米西安,巴兰·库萨里，纳维德·默罕默德扎德，米拉德·拉希米,2014-06-16 15:45:00.000,世纪大上海电影院,一厅
SH1156    ,守护天使,加拿大,让·塞巴斯蒂安·罗德,玛丽莲·卡斯顿圭，盖伊·纳顿,2014-06-15 20:45:00.000,世纪大上海电影院,一厅
SH1146    ,玛丽娜,比利时,史迪金·柯宁斯,马提奥·西摩尼，卢伊吉洛·肖卡,2014-06-14 20:45:00.000,世纪大上海电影院,一厅
WD6226    ,超级8,美国,艾布拉姆斯 J.J.,莱昂纳多·迪卡普里奥,2014-06-22 20:45:00.000,万达国际电影城,六厅
WD6146    ,蝙蝠侠：侠影之谜,美国,诺兰 克里斯托弗, 克里斯蒂安·贝尔 ，迈克尔·凯恩,2014-06-14 20:45:00.000,万达国际电影城,六厅
WD7166    ,最后的执刑人,泰国,汤姆·沃勒,维他亚·潘斯林加姆，罗恩·斯穆安伯格,2014-06-16 20:45:00.000,万达国际电影城,七厅
WD7185    ,战栗丛林,澳大利亚,亚伦·威尔逊,Khan Chittenden， 莫子仪,2014-06-18 18:30:00.000,万达国际电影城,七厅
WD7175    ,补丁镇,加拿大,克雷格·古德维尔,佐伊·帕尔默，朱利安·瑞钦斯，斯科特·汤普森,2014-06-17 18:30:00.000,万达国际电影城,七厅
WD7165    ,汉娜的旅程,德国,朱莉娅·冯·海因茨,卡罗利妮·舒赫 ，多伦·阿米特 ,2014-06-16 18:30:00.000,万达国际电影城,七厅
WD7144    ,赛马王,丹麦,安妮·格莱斯·贝加拉,布贾内·亨里克森,2014-06-14 15:45:00.000,万达国际电影城,七厅
WD7226    ,该隐之子,西班牙,赫苏斯·蒙亚奥·普拉纳,大卫·索兰斯，何塞·科罗纳，胡利欧·曼里克,2014-06-22 20:45:00.000,万达国际电影城,七厅
WD7224    ,偷书贼,美国,布莱恩·派西维尔,杰弗里·拉什，艾米丽·沃森,2014-06-22 15:45:00.000,万达国际电影城,七厅
WD7223    ,武士的食谱,日本,朝原雄三,上户彩，高良健吾，西田敏行,2014-06-22 13:30:00.000,万达国际电影城,七厅
WD7205    ,玛利亚与蜘蛛侠,阿根廷,玛利亚·维多利亚·温尼斯,帕布罗·阿吉雷·安德拉德,2014-06-20 18:30:00.000,万达国际电影城,七厅
WD7196    ,恶梦湖,意大利,里卡尔多·保莱蒂,黛西·奇苹，大卫·布兰登,2014-06-19 20:45:00.000,万达国际电影城,七厅
WD7156    ,爱情食谱,西班牙,多米尼克·哈拉里 ;特蕾莎·德·普利格雷,理查德·柯伊尔,2014-06-15 20:45:00.000,万达国际电影城,七厅
WD7143    ,家,瑞典,马克西米连·霍特,莫阿·格梅尔，莉娜·宝珊,2014-06-14 13:30:00.000,万达国际电影城,七厅
WD7153    ,索菲亚的七个男友,波兰,维罗妮卡·米根,卡特日什娜·马兹格，克日什托夫·格洛比什,2014-06-15 13:30:00.000,万达国际电影城,七厅
WD7145    ,爱到疯狂,泰国,瑞克查·庞派奇,帕孔·察特伯卡,2014-06-14 18:30:00.000,万达国际电影城,七厅
WD7216    ,最后的车轮,意大利,乔瓦尼·维洛内西,埃里奥·杰曼诺，亚历桑德拉·马斯特罗兰迪，瑞奇·孟菲斯,2014-06-21 20:45:00.000,万达国际电影城,七厅
WD7206    ,狮心,芬兰,多姆·卡如库斯基,彼得·弗朗岑，劳拉·布林，加斯帕·帕科农,2014-06-20 20:45:00.000,万达国际电影城,七厅
WD7195    ,十分钟,,李勇胜,白钟焕,2014-06-19 18:30:00.000,万达国际电影城,七厅
WD7186    ,你拯救了我的灵魂,法国,弗朗索瓦·杜佩洪,格莱高利·嘉德波瓦，席琳·萨莱特,2014-06-18 20:45:00.000,万达国际电影城,七厅
WD7215    ,自私的巨人,英国,克里欧·巴纳德,康纳·查普曼，舍恩·托马斯,2014-06-21 18:30:00.000,万达国际电影城,七厅
WD7213    ,哀叹,德国,俊斯·琼森,古列拉·儒勒，亨德里·克力，比约恩·安德森,2014-06-21 13:30:00.000,万达国际电影城,七厅
WD7155    ,尘埃之境,加拿大,彼得·斯戴宾斯,珍妮弗·波戴斯基，卢克·科比,2014-06-15 18:30:00.000,万达国际电影城,七厅
WD7154    ,洛杉矶,德国,戴米恩·约翰·哈珀,马特奥·巴蒂斯塔·马蒂亚斯，马科斯·罗德里格兹·鲁伊兹,2014-06-15 15:45:00.000,万达国际电影城,七厅
WD7176    ,窈窕舞妓,日本,周防 正行,上白石萌音，长谷川博己,2014-06-17 20:45:00.000,万达国际电影城,七厅
WD7146    ,她,美国,斯派克·琼斯,杰昆·菲尼克斯，斯嘉丽·约翰逊,2014-06-14 20:45:00.000,万达国际电影城,七厅
WD7214    ,爱恨一线牵,美国,丽莎·约翰逊,盖·皮尔斯，克里斯汀·韦格，海莉·斯坦菲尔德,2014-06-21 15:45:00.000,万达国际电影城,七厅
WD7225    ,水色明信片,美国,拉杰夫·戴萨妮, 乔纳森·班克斯 ，拜莉·麦迪逊,2014-06-22 18:30:00.000,万达国际电影城,七厅
XJ1185    ,第一个夏天,葡萄牙,阿德里亚诺·门德斯,安娜贝拉·卡耶塔诺，阿德里亚诺·门德斯,2014-06-18 18:30:00.000,上海希杰莘庄影城,一厅
XJ1175    ,医恋俏佳人,法国,阿克塞尔·罗贝尔,塞德里克·康，露易丝·布尔昆,2014-06-17 18:30:00.000,上海希杰莘庄影城,一厅
XJ1215    ,战栗丛林,澳大利亚,亚伦·威尔逊,Khan Chittenden， 莫子仪,2014-06-21 18:30:00.000,上海希杰莘庄影城,一厅
XJ1196    ,黑金杀机,美国,雷德利·斯科特,迈克尔·斯宾德，  布拉德·皮特,2014-06-19 20:45:00.000,上海希杰莘庄影城,一厅
XJ1154    ,八月：奥色治郡,美国,约翰·威尔斯,朱莉娅·罗伯茨 ， 梅丽尔·斯特里普，伊万·麦克格雷格,2014-06-15 15:45:00.000,上海希杰莘庄影城,一厅
XJ1186    ,狼,荷兰,吉姆·塔胡,马尔万·肯扎里，雷蒙德·提哈瑞，娜瑟丁·德查,2014-06-18 20:45:00.000,上海希杰莘庄影城,一厅
XJ1226    ,华颐：吞噬怪物的孩子,韩国,张俊焕,金允石，吕珍九,2014-06-22 20:45:00.000,上海希杰莘庄影城,一厅
XJ1165    ,人为因素,意大利,布鲁诺·奥利维罗,西尔维奥·奥兰多，吉塞培·巴蒂斯通，桑德拉·切卡莱利,2014-06-16 18:30:00.000,上海希杰莘庄影城,一厅
XJ1156    ,鳄鱼的黄眼睛,法国,塞西尔·特莱曼,艾曼纽·贝阿，茱莉·德帕迪约，帕特里克·布鲁尔,2014-06-15 20:45:00.000,上海希杰莘庄影城,一厅
XJ1145    ,生存法则,加拿大,罗斯·弗格森,达斯汀·米利甘，迈克尔·艾克朗德，汤姆·巴特勒,2014-06-14 18:30:00.000,上海希杰莘庄影城,一厅
XJ1195    ,意外人生,西班牙,若热·托雷格罗萨,坦米·布兰查德，贾维尔·卡马拉,2014-06-19 18:30:00.000,上海希杰莘庄影城,一厅
XJ1176    ,乌云压顶,泰国,利·查泰米提古,阿南达·爱华灵咸，珍苏达·帕托,2014-06-17 20:45:00.000,上海希杰莘庄影城,一厅
XJ1155    ,旗鼓相当,美国,彼得·西格尔,罗伯特·德·尼罗，西尔维斯特·史泰龙,2014-06-15 18:30:00.000,上海希杰莘庄影城,一厅
XJ1146    ,狮心,芬兰,多姆·卡如库斯基,彼得·弗朗岑，劳拉·布林，加斯帕·帕科农,2014-06-14 20:45:00.000,上海希杰莘庄影城,一厅
XJ1225    ,她在路上,法国,艾玛纽尔·贝克特,凯瑟琳.德纳芙，奈莫.施夫曼,2014-06-22 18:30:00.000,上海希杰莘庄影城,一厅
XJ1216    ,你拯救了我的灵魂,法国,弗朗索瓦·杜佩洪,格莱高利·嘉德波瓦，席琳·萨莱特,2014-06-21 20:45:00.000,上海希杰莘庄影城,一厅
XJ1206    ,真不走运,德国,彼得·托沃斯,莫里兹·布雷多，阿克赛·斯坦,2014-06-20 20:45:00.000,上海希杰莘庄影城,一厅
XJ1205    ,七个小“杀手”,意大利,玛泰·安德雷奥利,吉安马可·托纳兹，米开罗·范尼图奇，洛萨莉亚·鲁索,2014-06-20 18:30:00.000,上海希杰莘庄影城,一厅
XJ1166    ,第九片云,美国,简·斯宾塞,迈克尔·马德森，让-雨果·安格拉德，梅根·马克,2014-06-16 20:45:00.000,上海希杰莘庄影城,一厅
GM1143    ,八月：奥色治郡,美国,约翰·威尔斯,朱莉娅·罗伯茨 ， 梅丽尔·斯特里普，伊万·麦克格雷格,2014-06-14 13:30:00.000,大光明电影院,一厅
GM1216    ,教父 4K,美国,弗朗西斯·福特·科波拉,马龙·白兰度，阿尔·帕西诺,2014-06-21 20:45:00.000,大光明电影院,一厅
GM1166    ,教父 4K,美国,弗朗西斯·福特·科波拉,马龙·白兰度，阿尔·帕西诺,2014-06-16 20:45:00.000,大光明电影院,一厅
GM1206    ,玛戈皇后 4K,法国,帕特里斯·夏侯,伊莎贝尔·阿佳妮，丹尼尔·奥图,2014-06-20 20:45:00.000,大光明电影院,一厅
GM1157    ,祖鲁,法国,杰罗姆·塞勒,奥兰多·布鲁姆，福里斯特·惠特克，坦尼亚·范·格兰,2014-06-15 23:00:00.000,大光明电影院,一厅
GM1156    ,出租车司机 4K,美国,马丁·斯科塞斯,罗伯特·德·尼罗，朱迪·福斯特,2014-06-15 20:45:00.000,大光明电影院,一厅
GM2223    ,林中之歌,德国,迈克尔·奥伯特,路易斯·萨诺,2014-06-22 13:30:00.000,大光明电影院,二厅
GM2216    ,地下铁,英国,安东尼·阿斯奎斯,布赖恩·艾亨，爱丽莎·兰迪,2014-06-21 20:45:00.000,大光明电影院,二厅
GM2215    ,离巨星二十英尺,美国,摩根·内维尔,娄·阿德勒,2014-06-21 18:30:00.000,大光明电影院,二厅
GM2212    ,没有航标的河流,中国,吴天明,李纬，胡荣华,2014-06-21 10:30:00.000,大光明电影院,二厅
GM2206    ,秘境之旅,玻利维亚,胡安·卡洛斯· 瓦迪维亚,胡安·卡洛斯·瓦迪维亚，费利佩·罗曼,2014-06-20 20:45:00.000,大光明电影院,二厅
GM2154    ,疯狂的代价,中国,周晓文,伍宇娟，谢园,2014-06-15 15:45:00.000,大光明电影院,二厅
GM2194    ,13门,阿根廷,大卫·卢比奥,沃德玛·库比拉，圣地亚哥·冈萨雷斯，瓦妮萨·帕西亚拉,2014-06-19 15:45:00.000,大光明电影院,二厅
GM2225    ,我的奥运之路,德国,尼科·冯·格拉索,尼科·冯·格拉索,2014-06-22 18:30:00.000,大光明电影院,二厅
GM2224    ,我这一辈子,中国,石挥,石挥，魏鹤龄,2014-06-22 15:45:00.000,大光明电影院,二厅
GM2222    ,人生,中国,吴天明,周里京，吴玉芳,2014-06-22 10:30:00.000,大光明电影院,二厅
GM2226    ,罗马环城高速,意大利,吉安弗兰科·罗西,,2014-06-22 20:45:00.000,大光明电影院,二厅
GM2196    ,丽人行,中国,陈鲤庭,黄宗英，赵丹,2014-06-19 20:45:00.000,大光明电影院,二厅
GM2195    ,盗马贼,中国,田壮壮,才项仁增，旦枝姬,2014-06-19 18:30:00.000,大光明电影院,二厅
GM2186    ,声音城市,美国,大卫·格鲁,保罗·麦卡特尼，尼尔·杨， 大卫·格鲁,2014-06-18 20:45:00.000,大光明电影院,二厅
GM2166    ,坚持到底,美国,艾伦·希克斯,克拉克·泰瑞，昆西·琼斯，贺比·汉考克,2014-06-16 20:45:00.000,大光明电影院,二厅
GM2155    ,双旗镇刀客,中国,何平,孙海英，高伟,2014-06-15 18:30:00.000,大光明电影院,二厅
GM2156    ,阿姆斯特朗谎言,美国,亚历克斯·吉布尼,兰斯·阿姆斯特朗，瑞德·阿尔伯戈蒂，法兰基·安德瑞,2014-06-15 20:45:00.000,大光明电影院,二厅
GM2146    ,在路上,印度,伊姆提阿兹·阿里,阿莉雅·布哈特，兰迪普·弘达，杜葛什·库玛,2014-06-14 20:45:00.000,大光明电影院,二厅
GM2145    ,印度,意大利,罗伯托·罗西里尼,罗伯托·罗西里尼,2014-06-14 18:30:00.000,大光明电影院,二厅
GM2144    ,孩子王,中国,陈凯歌,谢园，杨学文,2014-06-14 15:45:00.000,大光明电影院,二厅
          ,“国际学生短片”——手机电影节参展短片集 2,,,,2014-06-17 15:45:00.000,大光明电影院,二厅
          ,手机电影节国际短片集2——参赛片,,,,2014-06-18 15:45:00.000,大光明电影院,二厅
GM2205    ,万家灯火,中国,沈浮,上官云珠，蓝马,2014-06-20 18:30:00.000,大光明电影院,二厅
          ,九分钟微电影短片展映,,,,2014-06-18 18:30:00.000,大光明电影院,二厅
          ,G客G拍优秀短片展映,,,,2014-06-19 13:30:00.000,大光明电影院,二厅
          ,"""过去,现在,未来""_手机电影节国际短片集锦",,,,2014-06-16 13:30:00.000,大光明电影院,二厅
          ,"""亲情,友情,爱情""_手机电影节国际短片集锦2",,,,2014-06-16 15:45:00.000,大光明电影院,二厅
          ,"追梦的旅者"_手机电影节国际短片集锦3,,,,2014-06-16 18:30:00.000,大光明电影院,二厅
GM2153    ,黑炮事件,中国,黄建新,刘子枫，汪漪,2014-06-15 13:30:00.000,大光明电影院,二厅
GM2213    ,抒情男高音,韩国,金相万,刘智泰，伊势谷友介，车艺莲,2014-06-21 13:30:00.000,大光明电影院,二厅
GM2142    ,假面舞会,中国,乌戈·德·安纳,罗伯托·阿罗尼卡，和慧,2014-06-14 10:30:00.000,大光明电影院,二厅
GM2214    ,百鸟朝凤,中国,吴天明,陶泽如，李岷城,2014-06-21 15:45:00.000,大光明电影院,二厅
GM2176    ,GSP：终极斗士,加拿大,彼得·斯维泰克,乔治·圣皮埃尔，奥斯汀·博尚， 梅洛蒂·西,2014-06-17 20:45:00.000,大光明电影院,二厅
GM2152    ,纳布科,中国,吉尔伯特·德弗洛,,2014-06-15 10:30:00.000,大光明电影院,二厅
          ,手机电影节国际短片集4——参赛片,,,,2014-06-18 13:30:00.000,大光明电影院,二厅
GM1225    ,旗鼓相当,美国,彼得·西格尔,罗伯特·德·尼罗，西尔维斯特·史泰龙,2014-06-22 18:30:00.000,大光明电影院,一厅
GM1213    ,教父 2 4K,美国,弗朗西斯·福特 科波拉,阿尔·帕西诺，罗伯特·德尼罗，罗伯特·杜瓦尔,2014-06-21 13:30:00.000,大光明电影院,一厅
GM1212    ,如父如子,日本,是枝裕和,福山雅治， 尾野真千子，真木阳子,2014-06-21 10:30:00.000,大光明电影院,一厅
GM1196    ,现代启示录,美国,弗朗西斯·福特·科波拉,马龙·白兰度，马丁·辛,2014-06-19 20:45:00.000,大光明电影院,一厅
GM1195    ,42号传奇,美国,布莱恩·海尔格兰德,查德维克·博斯曼 ，哈里森·福特,2014-06-19 18:30:00.000,大光明电影院,一厅
GM2143    ,红高粱,中国,张艺谋,姜文，巩俐,2014-06-14 13:30:00.000,大光明电影院,二厅
GM1154    ,偷书贼,美国,布莱恩·派西维尔,杰弗里·拉什，艾米丽·沃森,2014-06-15 15:45:00.000,大光明电影院,一厅
GM1153    ,蜜月杀机,英国,霍辛·阿米尼, 克斯汀·邓斯特 ，维果·莫腾森 ，奥斯卡·伊萨克,2014-06-15 13:30:00.000,大光明电影院,一厅
GM1142    ,横道世之介,日本,冲田修一,高良健吾，吉高由里子，绫野刚,2014-06-14 10:30:00.000,大光明电影院,一厅
GM1227    ,古宅惊魂,美国,詹姆斯·温,朗·里维斯顿，莉莉·泰勒,2014-06-22 23:00:00.000,大光明电影院,一厅
GM1224    ,窈窕舞妓,日本,周防 正行,上白石萌音，长谷川博己,2014-06-22 15:45:00.000,大光明电影院,一厅
GM1226    ,达拉斯买家俱乐部,美国,让·马克·瓦雷,马修·麦康纳，杰瑞德·莱托,2014-06-22 20:45:00.000,大光明电影院,一厅
GM1222    ,苔丝 4K,法国,罗曼·波兰斯基,娜塔莎.金斯基，约翰.科林,2014-06-22 10:30:00.000,大光明电影院,一厅
GM1215    ,圆桌,日本,行定勋,芦田爱菜，平干二朗,2014-06-21 18:30:00.000,大光明电影院,一厅
GM1205    ,蓝色茉莉,美国,伍迪·艾伦,凯特·布兰切特，亚历克·鲍德温,2014-06-20 18:30:00.000,大光明电影院,一厅
GM1185    ,布达佩斯大饭店,美国,韦斯·安德森, 拉尔夫·费因斯 ， 托尼·雷沃洛利 ， 艾德里安·布洛迪,2014-06-18 18:30:00.000,大光明电影院,一厅
GM1176    ,恋爱与义务,中国,卜万苍,阮玲玉，金焰,2014-06-17 20:45:00.000,大光明电影院,一厅
GM1186    ,教父 2 4K,美国,弗朗西斯·福特 科波拉,阿尔·帕西诺，罗伯特·德尼罗，罗伯特·杜瓦尔,2014-06-18 20:45:00.000,大光明电影院,一厅
GM1175    ,劳动节,美国,贾森·雷特曼,凯特·温丝莱特，乔什·布洛林,2014-06-17 18:30:00.000,大光明电影院,一厅
GM1165    ,白日梦想家,美国,本·斯蒂勒,本·蒂勒，克里斯汀·格，亚当·科特,2014-06-16 18:30:00.000,大光明电影院,一厅
GM1155    ,编剧情缘,美国,马克·劳伦斯,休·格兰特，玛丽莎·托梅，艾莉森·珍妮,2014-06-15 18:30:00.000,大光明电影院,一厅
GM1152    ,清须会议,日本,三谷幸喜,役所广司，大泉洋，小日向文世,2014-06-15 10:30:00.000,大光明电影院,一厅
GM1144    ,纯真年代 4K,美国,马丁·斯科塞斯,丹尼尔·戴·刘易斯，米歇尔·菲佛,2014-06-14 15:45:00.000,大光明电影院,一厅
GM1223    ,孤独的生还者,美国,彼得·博格,马克·沃尔伯格，泰勒·克奇,2014-06-22 13:30:00.000,大光明电影院,一厅
YY6176    ,最后的执刑人,泰国,汤姆·沃勒,维他亚·潘斯林加姆，罗恩·斯穆安伯格,2014-06-17 20:45:00.000,世纪友谊影城,六厅
YY6165    ,上帝帮助女孩,英国,斯图尔特·默多克,汉娜·穆雷，艾米莉·布朗宁，奥利·亚历山大,2014-06-16 18:30:00.000,世纪友谊影城,六厅
YY6195    ,鹰之路,美国,尚格·云顿,尚格·云顿，克劳迪娅·巴索尔斯,2014-06-19 18:30:00.000,世纪友谊影城,六厅
YY6205    ,爸妈不在家,新加坡,陈哲艺,许家乐，安吉莉·芭雅妮,2014-06-20 18:30:00.000,世纪友谊影城,六厅
YY6175    ,最后的旅程,德国,皮埃尔·亨利·赛法蒂,马里奥·阿多夫，卡塔琳娜·德尔，汉内洛蕾·埃尔斯纳,2014-06-17 18:30:00.000,世纪友谊影城,六厅
YY6146    ,说来话长,荷兰,约瑞恩·范·内斯,雷蒙德·提哈瑞，维克多·科帕瑞，伊万娜·弗洛拉,2014-06-14 20:45:00.000,世纪友谊影城,六厅
YY6226    ,火速搭档,美国,安东尼·斯图兹,乔什·亨德森，海莉·韦伯，博·布里吉斯,2014-06-22 20:45:00.000,世纪友谊影城,六厅
YY6216    ,恶梦湖,意大利,里卡尔多·保莱蒂,黛西·奇苹，大卫·布兰登,2014-06-21 20:45:00.000,世纪友谊影城,六厅
YY6206    ,家路,,久保田直,松山研一，田中裕子，安藤樱,2014-06-20 20:45:00.000,世纪友谊影城,六厅
YY6196    ,冬日奇缘,美国,阿齐瓦·高斯曼, 柯林·法瑞尔 ，马修·波莫 ， 露西·格里菲思,2014-06-19 20:45:00.000,世纪友谊影城,六厅
YY6185    ,探戈的荣耀,阿根廷,奥利弗·科勒克尔,赫克多·艾戴里欧，安托里娜·科斯塔,2014-06-18 18:30:00.000,世纪友谊影城,六厅
YY6166    ,该隐之子,西班牙,赫苏斯·蒙亚奥·普拉纳,大卫·索兰斯，何塞·科罗纳，胡利欧·曼里克,2014-06-16 20:45:00.000,世纪友谊影城,六厅
YY6155    ,3 英里限制,新西兰,克雷格·纽兰,马特·惠伦,2014-06-15 18:30:00.000,世纪友谊影城,六厅
YY6225    ,47浪人,美国,卡尔·里辛,基努·里维斯，真田广之,2014-06-22 18:30:00.000,世纪友谊影城,六厅
YY6186    ,裁判,意大利,保罗·祖卡,蒂芬努·阿科西，雅格布·卡林,2014-06-18 20:45:00.000,世纪友谊影城,六厅
YY6156    ,结婚前夜,韩国,洪智暎,金康宇，李妍熙,2014-06-15 20:45:00.000,世纪友谊影城,六厅
YY6145    ,监护,加拿大,西尔万· 阿查姆曼堡尔特,保尔·杜塞，安东尼·利古,2014-06-14 18:30:00.000,世纪友谊影城,六厅
HS1195    ,八月：奥色治郡,美国,约翰·威尔斯,朱莉娅·罗伯茨 ， 梅丽尔·斯特里普，伊万·麦克格雷格,2014-06-19 18:30:00.000,新衡山电影院,一厅
CJ4154    ,姐妹情深,德国,多米尼克·格拉夫,汉瑞特·弗丽斯，弗洛里安·泰特，汉娜·斯普朗,2014-06-15 15:45:00.000,上海超极电影世界,4号厅
CJ4226    ,鳄鱼的黄眼睛,法国,塞西尔·特莱曼,艾曼纽·贝阿，茱莉·德帕迪约，帕特里克·布鲁尔,2014-06-22 20:45:00.000,上海超极电影世界,4号厅
CJ4216    ,巴勒莫狂花,意大利,艾玛·丹特,艾玛·丹特，伊莲娜·科塔，阿尔芭·洛尔瓦彻,2014-06-21 20:45:00.000,上海超极电影世界,4号厅
CJ4206    ,在劫难逃,阿根廷,胡安·施密特,恩里克·帕帕提诺，爱德华多·库图里,2014-06-20 20:45:00.000,上海超极电影世界,4号厅
CJ4185    ,监护,加拿大,西尔万· 阿查姆曼堡尔特,保尔·杜塞，安东尼·利古,2014-06-18 18:30:00.000,上海超极电影世界,4号厅
CJ4155    ,俄国公熊,俄罗斯,格列布·奥尔洛夫,弗拉迪米尔·伊雷因,2014-06-15 18:30:00.000,上海超极电影世界,4号厅
CJ4205    ,自我,瑞典,丽莎·詹姆斯·拉赫松,马丁·沃斯特罗姆，玛莲娜·艾秋,2014-06-20 18:30:00.000,上海超极电影世界,4号厅
CJ4195    ,意大利之旅,意大利,罗伯托·罗西里尼,英格丽·褒曼，乔治·桑德斯,2014-06-19 18:30:00.000,上海超极电影世界,4号厅
CJ4166    ,帕特里克之日,爱尔兰,特里·麦克马洪,凯莉·福克斯，默·当福德,2014-06-16 20:45:00.000,上海超极电影世界,4号厅
CJ4156    ,蜜糖,意大利,瓦莱莉·高利诺,杰丝敏·特丽卡，利贝罗·德·瑞恩佐,2014-06-15 20:45:00.000,上海超极电影世界,4号厅
CJ4215    ,白日梦想家,美国,本·斯蒂勒,本·蒂勒，克里斯汀·格，亚当·科特,2014-06-21 18:30:00.000,上海超极电影世界,4号厅
CJ4214    ,幽暗山谷,奥地利,安德里斯·普罗查斯卡,萨姆·赖利，托比亚斯·莫雷蒂,2014-06-21 15:45:00.000,上海超极电影世界,4号厅
CJ4196    ,火山边缘之恋,意大利,罗伯托·罗西里尼,英格丽·褒曼，马里奥·维塔尔,2014-06-19 20:45:00.000,上海超极电影世界,4号厅
CJ4186    ,她,美国,斯派克·琼斯,杰昆·菲尼克斯，斯嘉丽·约翰逊,2014-06-18 20:45:00.000,上海超极电影世界,4号厅
CJ4225    ,马孔多,奥地利,苏达贝·莫特塞,拉马萨·明凯洛，阿斯兰·埃尔比,2014-06-22 18:30:00.000,上海超极电影世界,4号厅
CJ4224    ,小淘淘漫游童幻国,俄罗斯,奥尔加·卡普图尔,琪拉·弗莱舍，维雅切斯拉夫·马努查洛芙,2014-06-22 15:45:00.000,上海超极电影世界,4号厅
CJ4176    ,第九片云,美国,简·斯宾塞,迈克尔·马德森，让-雨果·安格拉德，梅根·马克,2014-06-17 20:45:00.000,上海超极电影世界,4号厅
CJ4175    ,人为因素,意大利,布鲁诺·奥利维罗,西尔维奥·奥兰多，吉塞培·巴蒂斯通，桑德拉·切卡莱利,2014-06-17 18:30:00.000,上海超极电影世界,4号厅
CJ4165    ,她爱上了我的谎,日本,小泉德宏,佐藤健，大原樱子， 三浦翔平,2014-06-16 18:30:00.000,上海超极电影世界,4号厅
CJ4144    ,晚餐,韩国,金东贤,郑义甲，朴世珍,2014-06-14 15:45:00.000,上海超极电影世界,4号厅
CJ4146    ,幻觉围城,澳大利亚,塞巴斯蒂安·盖伊,克里斯蒂安·克拉克，乔治娜·海格,2014-06-14 20:45:00.000,上海超极电影世界,4号厅
CJ4145    ,3 英里限制,新西兰,克雷格·纽兰,马特·惠伦,2014-06-14 18:30:00.000,上海超极电影世界,4号厅
YC3203    ,编舟记,日本,石井裕也,松田龙平，宫崎葵，小田切让,2014-06-20 13:30:00.000,上海影城,3号厅
          ,“国际学生短片”——手机电影节参展短片集 1,,,,2014-06-17 13:30:00.000,上海大光明电影院,2号厅
          ,13宗罪,美国,丹尼尔·斯坦,朗·普尔曼，马克·韦伯,2014-06-19 23:00:00.000,上海和平影都,4号厅
LZM3205   ,雅思敏,文莱,西堤·卡马鲁丁,西堤·卡马鲁丁，陈文清,2014-06-20 18:30:00.000,上海龙之梦影城,3号厅
LZM3226   ,寻找小糖人,瑞典,马利克·本德让劳尔,罗德里格兹,2014-06-22 20:45:00.000,上海龙之梦影城,3号厅
LZM3176   ,驴脑先知,印度,维韦克·布达科迪,拉杰帕尔·亚达夫，维克拉姆·科赫哈，阿布舍克·拉瓦特,2014-06-17 20:45:00.000,上海龙之梦影城,3号厅
LZM3225   ,雪,伊朗,迈赫迪·拉赫马尼,,2014-06-22 18:30:00.000,上海龙之梦影城,3号厅
LZM3216   ,与囚共舞,印度,迪内希·波祖,,2014-06-21 20:45:00.000,上海龙之梦影城,3号厅
LZM3196   ,粉红噪声,哥伦比亚,罗伯托·弗洛雷斯·普列托,卢瑟福·冈萨雷斯，玛贝尔·毕萨洛,2014-06-19 20:45:00.000,上海龙之梦影城,3号厅
LZM3195   ,昨天,马来西亚,苏忠源,蔡明亮，侯孝贤，李安,2014-06-19 18:30:00.000,上海龙之梦影城,3号厅
LZM3185   ,逐梦师奶,德国,马克·伦辛,斯特芬·库纳特,2014-06-18 18:30:00.000,上海龙之梦影城,3号厅
LZM3165   ,圣维克多镇的公鸡,加拿大,皮埃尔·格列柯,保罗·阿玛拉尼，安妮·杜尔瓦勒,2014-06-16 18:30:00.000,上海龙之梦影城,3号厅
LZM3156   ,哈比狂想曲,德国,迈克尔·鲍曼,维达·埃里希，托斯特·莫顿，克劳斯·曼彻,2014-06-15 20:45:00.000,上海龙之梦影城,3号厅
LZM3155   ,昨天和明天之间,斯里兰卡,尼兰德拉·德沙普里亚,亚当·阿达玛利，卡迈勒·阿达拉瑞驰,2014-06-15 18:30:00.000,上海龙之梦影城,3号厅
LZM3215   ,印度,意大利,罗伯托·罗西里尼,罗伯托·罗西里尼,2014-06-21 18:30:00.000,上海龙之梦影城,3号厅
LZM3206   ,困燕,波兰,巴尔托什·瓦沃斯,迈克尔·斯达扎克，芭芭拉·丹宾斯卡,2014-06-20 20:45:00.000,上海龙之梦影城,3号厅
LZM3186   ,狮心,芬兰,多姆·卡如库斯基,彼得·弗朗岑，劳拉·布林，加斯帕·帕科农,2014-06-18 20:45:00.000,上海龙之梦影城,3号厅
LZM3175   ,独自绽放,瑞典,谢罗·克·安德森,米卡埃尔·佩斯布兰特， 伊达·恩格佛，桑德拉·安德瑞斯,2014-06-17 18:30:00.000,上海龙之梦影城,3号厅
LZM3166   ,池边的歌声,斯里兰卡,因迪卡·费迪南,贾亚拉特·马诺拉特，阿纳苏亚·苏巴辛哈,2014-06-16 20:45:00.000,上海龙之梦影城,3号厅
LZM3146   ,奇迹,加拿大,丹尼尔·格洛,泽维尔·多兰，妮娜·劳伦,2014-06-14 20:45:00.000,上海龙之梦影城,3号厅
LZM3145   ,一路有你,马来西亚,周青元,本·菲佛，乔安娜·杨，李赛鹏,2014-06-14 18:30:00.000,上海龙之梦影城,3号厅
YYC1196   ,九顶假发的女孩,德国,马克·罗斯曼,丽莎·托马舍夫斯基，卡洛琳·特斯卡,2014-06-19 20:45:00.000,17.5上海又一城影城 ,1号厅
YYC1144   ,姐妹情深,德国,多米尼克·格拉夫,汉瑞特·弗丽斯，弗洛里安·泰特，汉娜·斯普朗,2014-06-14 15:45:00.000,17.5上海又一城影城 ,1号厅
YYC1226   ,祖鲁,法国,杰罗姆·塞勒,奥兰多·布鲁姆，福里斯特·惠特克，坦尼亚·范·格兰,2014-06-22 20:45:00.000,17.5上海又一城影城 ,1号厅
YYC1195   ,一切尽失,美国,J·C·陈多尔,罗伯特·雷德福,2014-06-19 18:30:00.000,17.5上海又一城影城 ,1号厅
YYC1175   ,怒海沉尸 4K,法国,雷内·克莱芒,阿兰·德龙，莫里斯·荣内特,2014-06-17 18:30:00.000,17.5上海又一城影城 ,1号厅
YYC1206   ,失声反击战,秘鲁,丹尼尔·维加，迭戈·维加,佛曼多·巴奇奥诺,2014-06-20 20:45:00.000,17.5上海又一城影城 ,1号厅
YYC1154   ,探戈的荣耀,阿根廷,奥利弗·科勒克尔,赫克多·艾戴里欧，安托里娜·科斯塔,2014-06-15 15:45:00.000,17.5上海又一城影城 ,1号厅
YYC1145   ,回路人生,加拿大,梅林·德维塞维克,大卫·里奇蒙德·派克，理查德·哈蒙,2014-06-14 18:30:00.000,17.5上海又一城影城 ,1号厅
YYC1215   ,天堂的孩子 4K,法国,马塞尔·卡尔内,让·路易斯·巴劳特，阿莱缇,2014-06-21 18:30:00.000,17.5上海又一城影城 ,1号厅
YYC1214   ,偶滴神啊,印度,乌每许·舒克拉,帕莱什·拉瓦尔，阿克谢·库玛尔，米特胡恩·查克拉博蒂,2014-06-21 15:45:00.000,17.5上海又一城影城 ,1号厅
YYC1224   ,自我,瑞典,丽莎·詹姆斯·拉赫松,马丁·沃斯特罗姆，玛莲娜·艾秋,2014-06-22 15:45:00.000,17.5上海又一城影城 ,1号厅
YYC1185   ,码头风云 4K,美国,伊利亚·卡赞,马龙·白兰度，爱娃·玛丽·森特,2014-06-18 18:30:00.000,17.5上海又一城影城 ,1号厅
YYC1176   ,恶梦湖,意大利,里卡尔多·保莱蒂,黛西·奇苹，大卫·布兰登,2014-06-17 20:45:00.000,17.5上海又一城影城 ,1号厅
YYC1165   ,地峡,泰国,皮拉查·科尔德辛特，索帕宛·布尼米特拉,桑通·哥图，玛瑞萨·基德,2014-06-16 18:30:00.000,17.5上海又一城影城 ,1号厅
YYC1205   ,十分钟,,李勇胜,白钟焕,2014-06-20 18:30:00.000,17.5上海又一城影城 ,1号厅
YYC1186   ,最后的车轮,意大利,乔瓦尼·维洛内西,埃里奥·杰曼诺，亚历桑德拉·马斯特罗兰迪，瑞奇·孟菲斯,2014-06-18 20:45:00.000,17.5上海又一城影城 ,1号厅
YYC1166   ,困燕,波兰,巴尔托什·瓦沃斯,迈克尔·斯达扎克，芭芭拉·丹宾斯卡,2014-06-16 20:45:00.000,17.5上海又一城影城 ,1号厅
YYC1156   ,古宅惊魂,美国,詹姆斯·温,朗·里维斯顿，莉莉·泰勒,2014-06-15 20:45:00.000,17.5上海又一城影城 ,1号厅
YYC1155   ,拯救,意大利,法比奥·格拉萨多尼亚，安东尼奥·皮亚扎,萨利赫·巴克里，卢伊吉洛·肖卡，卡洛琳娜·克雷仙蒂,2014-06-15 18:30:00.000,17.5上海又一城影城 ,1号厅
YYC1225   ,人为因素,意大利,布鲁诺·奥利维罗,西尔维奥·奥兰多，吉塞培·巴蒂斯通，桑德拉·切卡莱利,2014-06-22 18:30:00.000,17.5上海又一城影城 ,1号厅
          ,我希望你们过得好,加拿大,大卫·海耶,大卫·海耶,2014-10-01 05:30:00.000,一票通专卖店,默认
JD3206    ,突出重围,俄罗斯,阿列克谢·乌奇捷利,阿尔乔姆·贝斯特罗夫，亚瑟·斯莫扬诺夫，帕维尔·沃罗佐索夫,2014-06-20 20:45:00.000,嘉定影剧院,三号厅
JD3176    ,九顶假发的女孩,德国,马克·罗斯曼,丽莎·托马舍夫斯基，卡洛琳·特斯卡,2014-06-17 20:45:00.000,嘉定影剧院,三号厅
JD3226    ,悲喜人生,丹麦,尼尔斯·马尔姆洛斯,雅各布·德格恩，海勒·格瑞德,2014-06-22 20:45:00.000,嘉定影剧院,三号厅
JD3223    ,九月怀胎,法国,艾尔伯特·杜邦迪,艾尔伯特·杜邦迪，桑德琳娜·基贝兰，菲利普·尤尚,2014-06-22 13:30:00.000,嘉定影剧院,三号厅
JD3196    ,病毒,西班牙,卢卡斯·菲格罗亚,胡安·布兰科，佩德罗·卡萨布兰卡，黛安芬·费尔南德斯,2014-06-19 20:45:00.000,嘉定影剧院,三号厅
JD3185    ,在劫难逃,阿根廷,胡安·施密特,恩里克·帕帕提诺，爱德华多·库图里,2014-06-18 18:30:00.000,嘉定影剧院,三号厅
JD3214    ,观相,韩国,韩在林,宋康昊，李政宰,2014-06-21 15:45:00.000,嘉定影剧院,三号厅
JD3156    ,风,意大利,马可·西蒙·普西奥尼,瓦莱莉·高利诺，切瑞拉·凯瑟莉,2014-06-15 20:45:00.000,嘉定影剧院,三号厅
JD3155    ,杜布罗夫斯基,俄罗斯,亚历山大·万大诺夫 ，基里尔·米罕诺夫斯基,丹尼拉·科兹洛夫斯基 ，伊戈尔·戈丁,2014-06-15 18:30:00.000,嘉定影剧院,三号厅
JD3143    ,补丁镇,加拿大,克雷格·古德维尔,佐伊·帕尔默，朱利安·瑞钦斯，斯科特·汤普森,2014-06-14 13:30:00.000,嘉定影剧院,三号厅
JD3224    ,赦免,美国,汤姆·安东,洁米·金，杰森·刘易斯，M·C·盖尼,2014-06-22 15:45:00.000,嘉定影剧院,三号厅
JD3216    ,端岛计划,泰国,皮亚潘·秋贝绮,麦克，奥密兹·苏查拉特,2014-06-21 20:45:00.000,嘉定影剧院,三号厅
JD3215    ,家路,,久保田直,松山研一，田中裕子，安藤樱,2014-06-21 18:30:00.000,嘉定影剧院,三号厅
JD3154    ,白日梦想家,美国,本·斯蒂勒,本·蒂勒，克里斯汀·格，亚当·科特,2014-06-15 15:45:00.000,嘉定影剧院,三号厅
JD3205    ,蚁族与明星,孟加拉国,穆斯塔法·萨瓦尔·法罗奇,,2014-06-20 18:30:00.000,嘉定影剧院,三号厅
JD3195    ,冒牌王子,意大利,亚历桑德罗·希亚尼,亚历桑德罗·希亚尼，克里斯蒂安·德·西卡，莎拉·菲尔伯鲍姆,2014-06-19 18:30:00.000,嘉定影剧院,三号厅
JD3186    ,灵触3D,泰国,泊查依 红格拉塔纳珀,纳瓦·君拉纳拉，雅雅英,2014-06-18 20:45:00.000,嘉定影剧院,三号厅
JD3175    ,骏马奥斯温,德国,卡嘉·冯·加纳,汉娜·霍普，约根·沃格尔，德勒夫·布克,2014-06-17 18:30:00.000,嘉定影剧院,三号厅
JD3166    ,巴西之西,巴西,雷内·桑帕约,法布里西奥·波利维拉，伊希斯·瓦尔维德,2014-06-16 20:45:00.000,嘉定影剧院,三号厅
JD3146    ,第九片云,美国,简·斯宾塞,迈克尔·马德森，让-雨果·安格拉德，梅根·马克,2014-06-14 20:45:00.000,嘉定影剧院,三号厅
JD3153    ,恐怖直播,韩国,金秉祐,河正宇,2014-06-15 13:30:00.000,嘉定影剧院,三号厅
JD3145    ,奶牛场的哲学家,土耳其,穆菲特·坎·萨辛地,穆菲·坎·萨辛地，艾达·阿克塞尔，拉希姆·厄兹泰金,2014-06-14 18:30:00.000,嘉定影剧院,三号厅
JD3144    ,哀叹,德国,俊斯·琼森,古列拉·儒勒，亨德里·克力，比约恩·安德森,2014-06-14 15:45:00.000,嘉定影剧院,三号厅
JD3213    ,当我们还是少年,加拿大,理查德·古多,西蒙·彼金，德瑞克·波桑，塞缪尔·高瑟,2014-06-21 13:30:00.000,嘉定影剧院,三号厅
JD3165    ,她爱他,法国,珍妮·亨利,桑德利那·吉贝尔兰，Laurent Lafitte,2014-06-16 18:30:00.000,嘉定影剧院,三号厅
NQ4144    ,三联画,加拿大,彼得罗·皮尔斯，罗伯特·勒帕吉,汉斯·匹斯伯根,2014-06-14 15:45:00.000,上海南桥海上国际影城,四厅
NQ4223    ,礼物,俄罗斯,谢尔盖·卡拉达什,瓦西里·伊万诺夫,2014-06-22 13:30:00.000,上海南桥海上国际影城,四厅
NQ4205    ,补丁镇,加拿大,克雷格·古德维尔,佐伊·帕尔默，朱利安·瑞钦斯，斯科特·汤普森,2014-06-20 18:30:00.000,上海南桥海上国际影城,四厅
NQ4165    ,病毒,西班牙,卢卡斯·菲格罗亚,胡安·布兰科，佩德罗·卡萨布兰卡，黛安芬·费尔南德斯,2014-06-16 18:30:00.000,上海南桥海上国际影城,四厅
NQ4155    ,监护,加拿大,西尔万· 阿查姆曼堡尔特,保尔·杜塞，安东尼·利古,2014-06-15 18:30:00.000,上海南桥海上国际影城,四厅
NQ4154    ,国际象棋游戏,巴西,路易斯·安东尼奥· 佩雷拉,Wesley Aguiar，Tuca Andrada,2014-06-15 15:45:00.000,上海南桥海上国际影城,四厅
NQ4145    ,尘埃之境,加拿大,彼得·斯戴宾斯,珍妮弗·波戴斯基，卢克·科比,2014-06-14 18:30:00.000,上海南桥海上国际影城,四厅
NQ4225    ,年轻的佩雷兹,法国,雅克·乌瓦尼西,布拉黑姆·阿瑟姆，斯蒂夫·苏伊萨,2014-06-22 18:30:00.000,上海南桥海上国际影城,四厅
NQ4213    ,小镇疑云,德国,托马斯·希本,弗里德里希·穆克，丽芙·丽莎·弗里斯,2014-06-21 13:30:00.000,上海南桥海上国际影城,四厅
NQ4175    ,偷书贼,美国,布莱恩·派西维尔,杰弗里·拉什，艾米丽·沃森,2014-06-17 18:30:00.000,上海南桥海上国际影城,四厅
NQ4143    ,昨天和明天之间,斯里兰卡,尼兰德拉·德沙普里亚,亚当·阿达玛利，卡迈勒·阿达拉瑞驰,2014-06-14 13:30:00.000,上海南桥海上国际影城,四厅
NQ4224    ,飞机总动员,美国,克雷.豪尔,戴恩·库克，卡洛斯·阿拉斯拉奇，斯泰西·基齐,2014-06-22 15:45:00.000,上海南桥海上国际影城,四厅
NQ4215    ,她在路上,法国,艾玛纽尔·贝克特,凯瑟琳.德纳芙，奈莫.施夫曼,2014-06-21 18:30:00.000,上海南桥海上国际影城,四厅
NQ4214    ,时光修复师,意大利,保罗·米顿,丹尼尔·萨佛卡，汉娜·考福特,2014-06-21 15:45:00.000,上海南桥海上国际影城,四厅
NQ4195    ,强悍,意大利,吉安尼·阿梅利奥,安东尼奥·阿尔巴内斯，利维亚·罗西,2014-06-19 18:30:00.000,上海南桥海上国际影城,四厅
NQ4185    ,互联网巨魔战争,韩国,严泰和,严泰久，柳慧英,2014-06-18 18:30:00.000,上海南桥海上国际影城,四厅
NQ4153    ,最后的旅程,德国,皮埃尔·亨利·赛法蒂,马里奥·阿多夫，卡塔琳娜·德尔，汉内洛蕾·埃尔斯纳,2014-06-15 13:30:00.000,上海南桥海上国际影城,四厅
JY6146    ,独宿,加拿大,艾萨克·克拉维特, Annie Clark， Daniel Kash， Richard Clarkin ,2014-06-14 20:45:00.000,金逸影城（凯德龙之梦虹口店) ,六厅
JY6225    ,病毒,西班牙,卢卡斯·菲格罗亚,胡安·布兰科，佩德罗·卡萨布兰卡，黛安芬·费尔南德斯,2014-06-22 18:30:00.000,金逸影城（凯德龙之梦虹口店) ,六厅
JY6226    ,少年林肯,美国,A.J.霍华斯, 黛安·克鲁格 ，杰森·克拉科 ，布里特·马灵 ， 韦斯·本特利,2014-06-22 20:45:00.000,金逸影城（凯德龙之梦虹口店) ,六厅
JY6216    ,火速搭档,美国,安东尼·斯图兹,乔什·亨德森，海莉·韦伯，博·布里吉斯,2014-06-21 20:45:00.000,金逸影城（凯德龙之梦虹口店) ,六厅
JY6205    ,牧场心旅,加拿大,泽维尔·多兰,泽维尔·多兰，皮埃尔·伊夫·卡迪纳尔,2014-06-20 18:30:00.000,金逸影城（凯德龙之梦虹口店) ,六厅
JY6195    ,标靶,韩国,尹鸿承,柳承龙，李真旭,2014-06-19 18:30:00.000,金逸影城（凯德龙之梦虹口店) ,六厅
JY5166    ,悲惨世界,美国,汤姆·霍伯,休·杰克曼，罗素·克劳,2014-06-16 20:45:00.000,金逸影城（凯德龙之梦虹口店) ,IMAX厅
JY5156    ,蝙蝠侠：黑暗骑士崛起,美国,诺兰 克里斯托弗,克里斯蒂安·贝尔 ， 汤姆·哈迪 ， 安妮·海瑟薇 ,2014-06-15 20:45:00.000,金逸影城（凯德龙之梦虹口店) ,IMAX厅
JY6186    ,该隐之子,西班牙,赫苏斯·蒙亚奥·普拉纳,大卫·索兰斯，何塞·科罗纳，胡利欧·曼里克,2014-06-18 20:45:00.000,金逸影城（凯德龙之梦虹口店) ,六厅
JY6165    ,逐梦师奶,德国,马克·伦辛,斯特芬·库纳特,2014-06-16 18:30:00.000,金逸影城（凯德龙之梦虹口店) ,六厅
JY6156    ,断子绝孙大逃亡,乌克兰,阿列克谢·扎列夫斯基,李松·亚历山大，伊娜·佐波娃，马克·伯登,2014-06-15 20:45:00.000,金逸影城（凯德龙之梦虹口店) ,六厅
JY6155    ,年轻的佩雷兹,法国,雅克·乌瓦尼西,布拉黑姆·阿瑟姆，斯蒂夫·苏伊萨,2014-06-15 18:30:00.000,金逸影城（凯德龙之梦虹口店) ,六厅
JY6215    ,工厂女孩,埃及,穆罕默德·罕,雅思敏·莱丝，汉尼·阿德尔,2014-06-21 18:30:00.000,金逸影城（凯德龙之梦虹口店) ,六厅
JY6206    ,她,美国,斯派克·琼斯,杰昆·菲尼克斯，斯嘉丽·约翰逊,2014-06-20 20:45:00.000,金逸影城（凯德龙之梦虹口店) ,六厅
JY6196    ,丰硕,澳大利亚,里斯·格拉哈姆,艾什莉·康宁斯，莉莉·沙利文，托比·华莱士,2014-06-19 20:45:00.000,金逸影城（凯德龙之梦虹口店) ,六厅
JY6185    ,七个小“杀手”,意大利,玛泰·安德雷奥利,吉安马可·托纳兹，米开罗·范尼图奇，洛萨莉亚·鲁索,2014-06-18 18:30:00.000,金逸影城（凯德龙之梦虹口店) ,六厅
JY6176    ,规训课程,俄罗斯,伊万·特维尔朵夫斯基,玛莎·普尔扎耶娃，菲利普·艾弗蒂夫,2014-06-17 20:45:00.000,金逸影城（凯德龙之梦虹口店) ,六厅
JY6175    ,乱世亲兄弟,奥地利,沃福兰·保罗思,洛伦兹·魏克曼，约翰斯·努斯鲍姆,2014-06-17 18:30:00.000,金逸影城（凯德龙之梦虹口店) ,六厅
JY6166    ,裁判,意大利,保罗·祖卡,蒂芬努·阿科西，雅格布·卡林,2014-06-16 20:45:00.000,金逸影城（凯德龙之梦虹口店) ,六厅
JY6145    ,画池,伊朗,马兹亚·米瑞,沙哈布·候赛尼，内加·贾法赫莲,2014-06-14 18:30:00.000,金逸影城（凯德龙之梦虹口店) ,六厅
XMLY4195  ,上帝帮助女孩,英国,斯图尔特·默多克,汉娜·穆雷，艾米莉·布朗宁，奥利·亚历山大,2014-06-19 18:30:00.000,喜玛拉雅海上国际影城,4号厅
XMLY4215  ,浮生一页,印度,奥雅普·曼纳,帕比特拉·拉布哈，塔卢拉塔·库都,2014-06-21 18:30:00.000,喜玛拉雅海上国际影城,4号厅
XMLY4205  ,太秦灯光下,日本,落合贤,福本清三，山本千寻，本田博太郎,2014-06-20 18:30:00.000,喜玛拉雅海上国际影城,4号厅
XMLY4155  ,约兹加特蓝调,土耳其,马穆特·伐希尔·库斯昆,厄康·吉赛尔，阿亚卡·达姆卡西,2014-06-15 18:30:00.000,喜玛拉雅海上国际影城,4号厅
XMLY4145  ,就是你，查理,加拿大,艾玛纽尔.诗瑞尼安,迈克尔·科恩，艾玛·弗勒里,2014-06-14 18:30:00.000,喜玛拉雅海上国际影城,4号厅
XMLY4206  ,粉红噪声,哥伦比亚,罗伯托·弗洛雷斯·普列托,卢瑟福·冈萨雷斯，玛贝尔·毕萨洛,2014-06-20 20:45:00.000,喜玛拉雅海上国际影城,4号厅
XMLY4186  ,哈比狂想曲,德国,迈克尔·鲍曼,维达·埃里希，托斯特·莫顿，克劳斯·曼彻,2014-06-18 20:45:00.000,喜玛拉雅海上国际影城,4号厅
XMLY4176  ,我死在那年夏天,泰国,吉帝塔·当司里吉,哲拉予·拉翁马尼，苏塔妲·梧冬晴,2014-06-17 20:45:00.000,喜玛拉雅海上国际影城,4号厅
XMLY4166  ,冬日奇缘,美国,阿齐瓦·高斯曼, 柯林·法瑞尔 ，马修·波莫 ， 露西·格里菲思,2014-06-16 20:45:00.000,喜玛拉雅海上国际影城,4号厅
XMLY4165  ,我的傻外甥,意大利,马特奥·顾里图,朱塞佩·巴蒂斯通，泰科·切利奥，罗科·普拉斯尼卡,2014-06-16 18:30:00.000,喜玛拉雅海上国际影城,4号厅
XMLY4226  ,莎拉宁愿跑步,加拿大,科洛·罗比乔德,索菲·德马雷，让·塞巴斯蒂安·库尔谢尼,2014-06-22 20:45:00.000,喜玛拉雅海上国际影城,4号厅
XMLY4225  ,虎兔英雄传剧场版-崛起,日本,米谷良知,中村悠一，平田广明，平田广明,2014-06-22 18:30:00.000,喜玛拉雅海上国际影城,4号厅
XMLY4216  ,大梦想家,美国,约翰·李·汉考克,艾玛·汤普森，汤姆·汉克斯,2014-06-21 20:45:00.000,喜玛拉雅海上国际影城,4号厅
XMLY4196  ,困燕,波兰,巴尔托什·瓦沃斯,迈克尔·斯达扎克，芭芭拉·丹宾斯卡,2014-06-19 20:45:00.000,喜玛拉雅海上国际影城,4号厅
XMLY4185  ,蓝色茉莉,美国,伍迪·艾伦,凯特·布兰切特，亚历克·鲍德温,2014-06-18 18:30:00.000,喜玛拉雅海上国际影城,4号厅
XMLY4175  ,池边的歌声,斯里兰卡,因迪卡·费迪南,贾亚拉特·马诺拉特，阿纳苏亚·苏巴辛哈,2014-06-17 18:30:00.000,喜玛拉雅海上国际影城,4号厅
XMLY4156  ,裁判,意大利,保罗·祖卡,蒂芬努·阿科西，雅格布·卡林,2014-06-15 20:45:00.000,喜玛拉雅海上国际影城,4号厅
XMLY4146  ,结婚前夜,韩国,洪智暎,金康宇，李妍熙,2014-06-14 20:45:00.000,喜玛拉雅海上国际影城,4号厅
          ,第一首歌,美国,凯特·巴克佛洛兰,安妮·海瑟薇，约翰尼·弗林,2014-06-16 18:30:00.000,莘庄海上国际影城,4号厅
XZHS4185  ,遥控,蒙古,沙卡亚·贝亚姆巴,巴桑德日·恩赫泰万,2014-06-18 18:30:00.000,莘庄海上国际影城,4号厅
XZHS4176  ,病毒,西班牙,卢卡斯·菲格罗亚,胡安·布兰科，佩德罗·卡萨布兰卡，黛安芬·费尔南德斯,2014-06-17 20:45:00.000,莘庄海上国际影城,4号厅
XZHS4145  ,独自绽放,瑞典,谢罗·克·安德森,米卡埃尔·佩斯布兰特， 伊达·恩格佛，桑德拉·安德瑞斯,2014-06-14 18:30:00.000,莘庄海上国际影城,4号厅
XZHS4214  ,47浪人,美国,卡尔·里辛,基努·里维斯，真田广之,2014-06-21 15:45:00.000,莘庄海上国际影城,4号厅
XZHS4226  ,结婚前夜,韩国,洪智暎,金康宇，李妍熙,2014-06-22 20:45:00.000,莘庄海上国际影城,4号厅
XZHS4175  ,怨女痴男,印度尼西亚,欧迪C·哈拉哈普,维诺G·巴斯蒂安，阿斯特丽德·蒂亚,2014-06-17 18:30:00.000,莘庄海上国际影城,4号厅
XZHS4165  ,兄弟:最后的自白,乌克兰,维多利亚·特洛费门科,米克拉·贝拉扎，维克多·德梅塔什,2014-06-16 18:30:00.000,莘庄海上国际影城,4号厅
XZHS4156  ,幻觉围城,澳大利亚,塞巴斯蒂安·盖伊,克里斯蒂安·克拉克，乔治娜·海格,2014-06-15 20:45:00.000,莘庄海上国际影城,4号厅
XZHS4146  ,加布里埃尔,加拿大,路易斯·阿桑宝特,加布里埃尔·马里昂·芮瓦德，亚历山大·兰德里,2014-06-14 20:45:00.000,莘庄海上国际影城,4号厅
XZHS4216  ,该隐之子,西班牙,赫苏斯·蒙亚奥·普拉纳,大卫·索兰斯，何塞·科罗纳，胡利欧·曼里克,2014-06-21 20:45:00.000,莘庄海上国际影城,4号厅
XZHS4205  ,日本狗,罗马尼亚,图多尔·克里斯丁·吉,维克托·雷本久克，塞班·帕伏鲁,2014-06-20 18:30:00.000,莘庄海上国际影城,4号厅
XZHS4195  ,蜜月杀机,英国,霍辛·阿米尼, 克斯汀·邓斯特 ，维果·莫腾森 ，奥斯卡·伊萨克,2014-06-19 18:30:00.000,莘庄海上国际影城,4号厅
XZHS4215  ,一线光,印度,埃特努·高仕,德里提曼·查特吉，阿帕拉吉塔·戈什·妲丝,2014-06-21 18:30:00.000,莘庄海上国际影城,4号厅
XZHS4206  ,第九片云,美国,简·斯宾塞,迈克尔·马德森，让-雨果·安格拉德，梅根·马克,2014-06-20 20:45:00.000,莘庄海上国际影城,4号厅
XZHS4196  ,最后的车轮,意大利,乔瓦尼·维洛内西,埃里奥·杰曼诺，亚历桑德拉·马斯特罗兰迪，瑞奇·孟菲斯,2014-06-19 20:45:00.000,莘庄海上国际影城,4号厅
XZHS4155  ,她爱上了我的谎,日本,小泉德宏,佐藤健，大原樱子， 三浦翔平,2014-06-15 18:30:00.000,莘庄海上国际影城,4号厅
XZHS4186  ,蜜糖,意大利,瓦莱莉·高利诺,杰丝敏·特丽卡，利贝罗·德·瑞恩佐,2014-06-18 20:45:00.000,莘庄海上国际影城,4号厅
XZHS4166  ,火速搭档,美国,安东尼·斯图兹,乔什·亨德森，海莉·韦伯，博·布里吉斯,2014-06-16 20:45:00.000,莘庄海上国际影城,4号厅
BS4226    ,突出重围,俄罗斯,阿列克谢·乌奇捷利,阿尔乔姆·贝斯特罗夫，亚瑟·斯莫扬诺夫，帕维尔·沃罗佐索夫,2014-06-22 20:45:00.000,宝山上影国际影城,4厅
BS4186    ,银行女劫匪,德国,克里斯蒂安·阿瓦特,肯·杜肯，娜达莎·布锐妮克,2014-06-18 20:45:00.000,宝山上影国际影城,4厅
BS4165    ,父母,德国,罗伯特·塔尔海姆,查理·霍伯纳，克里斯蒂安妮·保罗,2014-06-16 18:30:00.000,宝山上影国际影城,4厅
BS4154    ,回路人生,加拿大,梅林·德维塞维克,大卫·里奇蒙德·派克，理查德·哈蒙,2014-06-15 15:45:00.000,宝山上影国际影城,4厅
BS4145    ,我希望你们过得好,加拿大,大卫·海耶,大卫·海耶,2014-06-14 18:30:00.000,宝山上影国际影城,4厅
BS4144    ,驴脑先知,印度,维韦克·布达科迪,拉杰帕尔·亚达夫，维克拉姆·科赫哈，阿布舍克·拉瓦特,2014-06-14 15:45:00.000,宝山上影国际影城,4厅
BS4216    ,幻觉围城,澳大利亚,塞巴斯蒂安·盖伊,克里斯蒂安·克拉克，乔治娜·海格,2014-06-21 20:45:00.000,宝山上影国际影城,4厅
BS4215    ,少年林肯,美国,A.J.霍华斯, 黛安·克鲁格 ，杰森·克拉科 ，布里特·马灵 ， 韦斯·本特利,2014-06-21 18:30:00.000,宝山上影国际影城,4厅
BS4206    ,爱情食谱,西班牙,多米尼克·哈拉里 ;特蕾莎·德·普利格雷,理查德·柯伊尔,2014-06-20 20:45:00.000,宝山上影国际影城,4厅
BS4205    ,悬案密码：笼中女人,丹麦,迈克尔·诺加德,尼古拉·雷·卡斯，法瑞斯·法瑞斯,2014-06-20 18:30:00.000,宝山上影国际影城,4厅
BS4176    ,蜜糖,意大利,瓦莱莉·高利诺,杰丝敏·特丽卡，利贝罗·德·瑞恩佐,2014-06-17 20:45:00.000,宝山上影国际影城,4厅
BS4175    ,加布里埃尔,加拿大,路易斯·阿桑宝特,加布里埃尔·马里昂·芮瓦德，亚历山大·兰德里,2014-06-17 18:30:00.000,宝山上影国际影城,4厅
BS4156    ,乌云压顶,泰国,利·查泰米提古,阿南达·爱华灵咸，珍苏达·帕托,2014-06-15 20:45:00.000,宝山上影国际影城,4厅
BS4146    ,火速搭档,美国,安东尼·斯图兹,乔什·亨德森，海莉·韦伯，博·布里吉斯,2014-06-14 20:45:00.000,宝山上影国际影城,4厅
BS4225    ,瓦西里撒,俄罗斯,安东·希维斯,斯维特拉纳·库德钦科娃，德米特里·索罗米钦，杰罗姆·库辛,2014-06-22 18:30:00.000,宝山上影国际影城,4厅
BS4224    ,日本狗,罗马尼亚,图多尔·克里斯丁·吉,维克托·雷本久克，塞班·帕伏鲁,2014-06-22 15:45:00.000,宝山上影国际影城,4厅
BS4214    ,飞机总动员,美国,克雷.豪尔,戴恩·库克，卡洛斯·阿拉斯拉奇，斯泰西·基齐,2014-06-21 15:45:00.000,宝山上影国际影城,4厅
BS4185    ,十分钟,,李勇胜,白钟焕,2014-06-18 18:30:00.000,宝山上影国际影城,4厅
BS4166    ,丰硕,澳大利亚,里斯·格拉哈姆,艾什莉·康宁斯，莉莉·沙利文，托比·华莱士,2014-06-16 20:45:00.000,宝山上影国际影城,4厅
BS4155    ,虎兔英雄传剧场版-崛起,日本,米谷良知,中村悠一，平田广明，平田广明,2014-06-15 18:30:00.000,宝山上影国际影城,4厅
BS4196    ,男孩们和吉约姆,法国,吉约姆·高丽安,吉约姆·高丽安，安德烈·马尔孔，弗兰西丝·法比安,2014-06-19 20:45:00.000,宝山上影国际影城,4厅
BS4195    ,年轻的佩雷兹,法国,雅克·乌瓦尼西,布拉黑姆·阿瑟姆，斯蒂夫·苏伊萨,2014-06-19 18:30:00.000,宝山上影国际影城,4厅
HD1225    ,最后的旅程,德国,皮埃尔·亨利·赛法蒂,马里奥·阿多夫，卡塔琳娜·德尔，汉内洛蕾·埃尔斯纳,2014-06-22 18:30:00.000,沪东工人文化宫电影院,一厅
HD1185    ,杜布罗夫斯基,俄罗斯,亚历山大·万大诺夫 ，基里尔·米罕诺夫斯基,丹尼拉·科兹洛夫斯基 ，伊戈尔·戈丁,2014-06-18 18:30:00.000,沪东工人文化宫电影院,一厅
HD1175    ,浪迹巴黎,法国,伊娃·贝罗维奇,迪娜拉·度卡洛娃，玛丽·伊莎贝尔·申思曼,2014-06-17 18:30:00.000,沪东工人文化宫电影院,一厅
HD1145    ,国际象棋游戏,巴西,路易斯·安东尼奥· 佩雷拉,Wesley Aguiar，Tuca Andrada,2014-06-14 18:30:00.000,沪东工人文化宫电影院,一厅
HD1223    ,逆鳞,韩国,李才奎,玄彬，郑在咏,2014-06-22 13:30:00.000,沪东工人文化宫电影院,一厅
HD1215    ,武士的食谱,日本,朝原雄三,上户彩，高良健吾，西田敏行,2014-06-21 18:30:00.000,沪东工人文化宫电影院,一厅
HD1195    ,孤独的生还者,美国,彼得·博格,马克·沃尔伯格，泰勒·克奇,2014-06-19 18:30:00.000,沪东工人文化宫电影院,一厅
HD1155    ,乱世亲兄弟,奥地利,沃福兰·保罗思,洛伦兹·魏克曼，约翰斯·努斯鲍姆,2014-06-15 18:30:00.000,沪东工人文化宫电影院,一厅
HD1165    ,意外人生,西班牙,若热·托雷格罗萨,坦米·布兰查德，贾维尔·卡马拉,2014-06-16 18:30:00.000,沪东工人文化宫电影院,一厅
HD1153    ,42号传奇,美国,布莱恩·海尔格兰德,查德维克·博斯曼 ，哈里森·福特,2014-06-15 13:30:00.000,沪东工人文化宫电影院,一厅
HD1143    ,我的傻外甥,意大利,马特奥·顾里图,朱塞佩·巴蒂斯通，泰科·切利奥，罗科·普拉斯尼卡,2014-06-14 13:30:00.000,沪东工人文化宫电影院,一厅
HD1213    ,人为因素,意大利,布鲁诺·奥利维罗,西尔维奥·奥兰多，吉塞培·巴蒂斯通，桑德拉·切卡莱利,2014-06-21 13:30:00.000,沪东工人文化宫电影院,一厅
HD1205    ,当我们还是少年,加拿大,理查德·古多,西蒙·彼金，德瑞克·波桑，塞缪尔·高瑟,2014-06-20 18:30:00.000,沪东工人文化宫电影院,一厅
LX1156    ,九顶假发的女孩,德国,马克·罗斯曼,丽莎·托马舍夫斯基，卡洛琳·特斯卡,2014-06-15 20:45:00.000,兰馨·悦立方影城,一厅
LX1206    ,我的僵尸女友,英国,杰夫·巴埃纳,戴恩·德哈恩，奥布瑞·普拉扎,2014-06-20 20:45:00.000,兰馨·悦立方影城,一厅
LX1214    ,叫费德里科多么奇怪！,意大利,埃托尔·斯科拉,托马索·拉佐蒂，毛里奇奥·德·桑蒂斯，贾科莫·拉佐蒂,2014-06-21 15:45:00.000,兰馨·悦立方影城,一厅
LX1224    ,浪迹巴黎,法国,伊娃·贝罗维奇,迪娜拉·度卡洛娃，玛丽·伊莎贝尔·申思曼,2014-06-22 15:45:00.000,兰馨·悦立方影城,一厅
LX1186    ,巴勒莫狂花,意大利,艾玛·丹特,艾玛·丹特，伊莲娜·科塔，阿尔芭·洛尔瓦彻,2014-06-18 20:45:00.000,兰馨·悦立方影城,一厅
LX1165    ,最后的旅程,德国,皮埃尔·亨利·赛法蒂,马里奥·阿多夫，卡塔琳娜·德尔，汉内洛蕾·埃尔斯纳,2014-06-16 18:30:00.000,兰馨·悦立方影城,一厅
LX1205    ,家,瑞典,马克西米连·霍特,莫阿·格梅尔，莉娜·宝珊,2014-06-20 18:30:00.000,兰馨·悦立方影城,一厅
LX1195    ,巅峰交响曲——俯瞰阿尔卑斯,德国,彼得·巴德勒,,2014-06-19 18:30:00.000,兰馨·悦立方影城,一厅
LX1185    ,标靶,韩国,尹鸿承,柳承龙，李真旭,2014-06-18 18:30:00.000,兰馨·悦立方影城,一厅
LX1166    ,外交秘闻,法国,沃尔克·施隆多夫, 安德烈·杜索里埃 ， 尼尔斯·阿莱斯楚普,2014-06-16 20:45:00.000,兰馨·悦立方影城,一厅
          ,意外人生,西班牙,若热·托雷格罗萨,坦米·布兰查德，贾维尔·卡马拉,2014-06-15 15:45:00.000,兰馨·悦立方影城,一厅
LX1226    ,你拯救了我的灵魂,法国,弗朗索瓦·杜佩洪,格莱高利·嘉德波瓦，席琳·萨莱特,2014-06-22 20:45:00.000,兰馨·悦立方影城,一厅
LX1225    ,编剧情缘,美国,马克·劳伦斯,休·格兰特，玛丽莎·托梅，艾莉森·珍妮,2014-06-22 18:30:00.000,兰馨·悦立方影城,一厅
LX1215    ,她爱上了我的谎,日本,小泉德宏,佐藤健，大原樱子， 三浦翔平,2014-06-21 18:30:00.000,兰馨·悦立方影城,一厅
LX1144    ,GSP：终极斗士,加拿大,彼得·斯维泰克,乔治·圣皮埃尔，奥斯汀·博尚， 梅洛蒂·西,2014-06-14 15:45:00.000,兰馨·悦立方影城,一厅
LX1216    ,蜜糖,意大利,瓦莱莉·高利诺,杰丝敏·特丽卡，利贝罗·德·瑞恩佐,2014-06-21 20:45:00.000,兰馨·悦立方影城,一厅
LX1196    ,古宅惊魂,美国,詹姆斯·温,朗·里维斯顿，莉莉·泰勒,2014-06-19 20:45:00.000,兰馨·悦立方影城,一厅
LX1176    ,守护天使,加拿大,让·塞巴斯蒂安·罗德,玛丽莲·卡斯顿圭，盖伊·纳顿,2014-06-17 20:45:00.000,兰馨·悦立方影城,一厅
LX1155    ,时光修复师,意大利,保罗·米顿,丹尼尔·萨佛卡，汉娜·考福特,2014-06-15 18:30:00.000,兰馨·悦立方影城,一厅
          ,松上雪,,佩曼·莫阿迪,萨巴·阿巴，马纳兹·阿什哈尔,2014-06-17 18:30:00.000,兰馨·悦立方影城,一厅
LX1146    ,粉红噪声,哥伦比亚,罗伯托·弗洛雷斯·普列托,卢瑟福·冈萨雷斯，玛贝尔·毕萨洛,2014-06-14 20:45:00.000,兰馨·悦立方影城,一厅
LX1145    ,阿普之歌,印度,考希克·甘古利,帕拉巴塔·查特吉，帕诺·米特拉，奥亨度·班纳吉,2014-06-14 18:30:00.000,兰馨·悦立方影城,一厅
HYXD1224  ,上帝帮助女孩,英国,斯图尔特·默多克,汉娜·穆雷，艾米莉·布朗宁，奥利·亚历山大,2014-06-22 15:45:00.000,华谊兄弟影院,一厅
HYXD1145  ,她爱他,法国,珍妮·亨利,桑德利那·吉贝尔兰，Laurent Lafitte,2014-06-14 18:30:00.000,华谊兄弟影院,一厅
HYXD1144  ,世界上最强的男人,加拿大,丹尼尔·罗比,安托万·贝特朗，纪尧姆·西尔，吉尔·贝罗斯,2014-06-14 15:45:00.000,华谊兄弟影院,一厅
HYXD1155  ,工厂女孩,埃及,穆罕默德·罕,雅思敏·莱丝，汉尼·阿德尔,2014-06-15 18:30:00.000,华谊兄弟影院,一厅
HYXD1154  ,蚁族与明星,孟加拉国,穆斯塔法·萨瓦尔·法罗奇,,2014-06-15 15:45:00.000,华谊兄弟影院,一厅
HYXD1146  ,男孩们和吉约姆,法国,吉约姆·高丽安,吉约姆·高丽安，安德烈·马尔孔，弗兰西丝·法比安,2014-06-14 20:45:00.000,华谊兄弟影院,一厅
HYXD1176  ,非我族类,法国,卢卡斯·贝尔沃克斯,艾米莉·德奎恩，洛克·柯贝利，桑德拉·努卡,2014-06-17 20:45:00.000,华谊兄弟影院,一厅
HYXD1185  ,三联画,加拿大,彼得罗·皮尔斯，罗伯特·勒帕吉,汉斯·匹斯伯根,2014-06-18 18:30:00.000,华谊兄弟影院,一厅
HYXD1166  ,我死在那年夏天,泰国,吉帝塔·当司里吉,哲拉予·拉翁马尼，苏塔妲·梧冬晴,2014-06-16 20:45:00.000,华谊兄弟影院,一厅
HYXD1226  ,唯爱永生,英国,吉姆·贾木许,蒂尔达·斯文顿，汤姆·希德勒斯顿,2014-06-22 20:45:00.000,华谊兄弟影院,一厅
HYXD1225  ,恐怖直播,韩国,金秉祐,河正宇,2014-06-22 18:30:00.000,华谊兄弟影院,一厅
HYXD1195  ,玩命毒师,意大利,西德尼·西比利亚,艾多尔多·里奥，瓦莱丽亚·索拉里诺，瓦莱里奥·阿普雷亚,2014-06-19 18:30:00.000,华谊兄弟影院,一厅
HYXD1165  ,尘埃之境,加拿大,彼得·斯戴宾斯,珍妮弗·波戴斯基，卢克·科比,2014-06-16 18:30:00.000,华谊兄弟影院,一厅
HYXD1156  ,在劫难逃,阿根廷,胡安·施密特,恩里克·帕帕提诺，爱德华多·库图里,2014-06-15 20:45:00.000,华谊兄弟影院,一厅
HYXD1186  ,苏珊娜,法国,卡黛儿·基耶维蕾,莎拉·弗里斯蒂，阿黛拉·哈内尔，保罗·艾米,2014-06-18 20:45:00.000,华谊兄弟影院,一厅
HYXD1216  ,达拉斯买家俱乐部,美国,让·马克·瓦雷,马修·麦康纳，杰瑞德·莱托,2014-06-21 20:45:00.000,华谊兄弟影院,一厅
HYXD1215  ,绿意依旧盎然,奥地利,马克·纳贝斯尼克,克里斯蒂安·霍德科，阿普·林登伯格，迈克尔·克里斯托夫,2014-06-21 18:30:00.000,华谊兄弟影院,一厅
HYXD1214  ,换个人来爱,法国,艾曼纽勒·莫雷,维吉妮·拉朵嫣，乔伊·斯塔尔,2014-06-21 15:45:00.000,华谊兄弟影院,一厅
HYXD1205  ,四十九天,日本,大林宣彦,品川彻， 松重丰，常盘贵子,2014-06-20 18:30:00.000,华谊兄弟影院,一厅
HYXD1175  ,暗黑兄弟会,德国,沙维尔·柯勒,芬·亨克尔，莫里兹·布雷多,2014-06-17 18:30:00.000,华谊兄弟影院,一厅
LS6154    ,三联画,加拿大,彼得罗·皮尔斯，罗伯特·勒帕吉,汉斯·匹斯伯根,2014-06-15 15:45:00.000,上海兰生典尚影院,六厅
LS6214    ,洛杉矶,德国,戴米恩·约翰·哈珀,马特奥·巴蒂斯塔·马蒂亚斯，马科斯·罗德里格兹·鲁伊兹,2014-06-21 15:45:00.000,上海兰生典尚影院,六厅
LS6145    ,浪迹巴黎,法国,伊娃·贝罗维奇,迪娜拉·度卡洛娃，玛丽·伊莎贝尔·申思曼,2014-06-14 18:30:00.000,上海兰生典尚影院,六厅
LS6224    ,匹诺曹,德国,安娜·贾斯蒂,马里奥·阿道夫，罗伯特·拜耳,2014-06-22 15:45:00.000,上海兰生典尚影院,六厅
LS6165    ,旗鼓相当,美国,彼得·西格尔,罗伯特·德·尼罗，西尔维斯特·史泰龙,2014-06-16 18:30:00.000,上海兰生典尚影院,六厅
LS6225    ,幽暗山谷,奥地利,安德里斯·普罗查斯卡,萨姆·赖利，托比亚斯·莫雷蒂,2014-06-22 18:30:00.000,上海兰生典尚影院,六厅
LS6155    ,我没有生气！,伊朗,雷扎·多米西安,巴兰·库萨里，纳维德·默罕默德扎德，米拉德·拉希米,2014-06-15 18:30:00.000,上海兰生典尚影院,六厅
LS6144    ,乱世亲兄弟,奥地利,沃福兰·保罗思,洛伦兹·魏克曼，约翰斯·努斯鲍姆,2014-06-14 15:45:00.000,上海兰生典尚影院,六厅
LS6215    ,晚餐,韩国,金东贤,郑义甲，朴世珍,2014-06-21 18:30:00.000,上海兰生典尚影院,六厅
LS6205    ,路过蜻蜓,印度,因德拉尼尔·罗伊乔德瑞,索西妮·萨卡，阿卡什·阿迪卡里,2014-06-20 18:30:00.000,上海兰生典尚影院,六厅
LS6195    ,编剧情缘,美国,马克·劳伦斯,休·格兰特，玛丽莎·托梅，艾莉森·珍妮,2014-06-19 18:30:00.000,上海兰生典尚影院,六厅
LS6185    ,时光修复师,意大利,保罗·米顿,丹尼尔·萨佛卡，汉娜·考福特,2014-06-18 18:30:00.000,上海兰生典尚影院,六厅
LS6175    ,飞机总动员,美国,克雷.豪尔,戴恩·库克，卡洛斯·阿拉斯拉奇，斯泰西·基齐,2014-06-17 18:30:00.000,上海兰生典尚影院,六厅
BMH1195   ,九天零一个清晨,俄罗斯,薇拉·斯托洛日娃,安娜·雪碧妮娜，奥尔加·波波娃，谢尔盖·普斯科帕里斯,2014-06-19 18:30:00.000,百美汇影院,一厅
BMH1175   ,叫费德里科多么奇怪！,意大利,埃托尔·斯科拉,托马索·拉佐蒂，毛里奇奥·德·桑蒂斯，贾科莫·拉佐蒂,2014-06-17 18:30:00.000,百美汇影院,一厅
BMH1205   ,想要拥抱你,日本,盐田明彦,北川景子，上地雄辅,2014-06-20 18:30:00.000,百美汇影院,一厅
BMH1155   ,爸妈不在家,新加坡,陈哲艺,许家乐，安吉莉·芭雅妮,2014-06-15 18:30:00.000,百美汇影院,一厅
BMH1145   ,沙漠驼影,澳大利亚,约翰·卡兰,米娅·华希科沃斯卡，亚当·德赖弗,2014-06-14 18:30:00.000,百美汇影院,一厅
BMH1224   ,探戈的荣耀,阿根廷,奥利弗·科勒克尔,赫克多·艾戴里欧，安托里娜·科斯塔,2014-06-22 15:45:00.000,百美汇影院,一厅
BMH1214   ,暗黑兄弟会,德国,沙维尔·柯勒,芬·亨克尔，莫里兹·布雷多,2014-06-21 15:45:00.000,百美汇影院,一厅
BMH1185   ,判决结果,比利时,扬·费尔海恩,肯·德·布沃，亨德里克·阿兹，薇儿拉·贝坦丝,2014-06-18 18:30:00.000,百美汇影院,一厅
BMH1225   ,劳动节,美国,贾森·雷特曼,凯特·温丝莱特，乔什·布洛林,2014-06-22 18:30:00.000,百美汇影院,一厅
BMH1215   ,菲洛梅娜,英国,斯蒂芬·弗雷斯,朱迪·丹奇，史蒂夫·库根,2014-06-21 18:30:00.000,百美汇影院,一厅
BMH1165   ,乡归何处,德国,爱德嘉·莱兹,杨·迪特·施耐德，安东妮娅·比尔，沃纳·赫尔佐格,2014-06-16 18:30:00.000,百美汇影院,一厅
BMH1144   ,拯救,意大利,法比奥·格拉萨多尼亚，安东尼奥·皮亚扎,萨利赫·巴克里，卢伊吉洛·肖卡，卡洛琳娜·克雷仙蒂,2014-06-14 15:45:00.000,百美汇影院,一厅
          ,神女,,吴永刚,黎铿，阮玲玉,2014-06-15 15:30:00.000,上海电影博物馆,默认
          ,神女,,吴永刚,黎铿，阮玲玉,2014-06-15 19:00:00.000,上海电影博物馆,默认
SB2145    ,叫费德里科多么奇怪！,意大利,埃托尔·斯科拉,托马索·拉佐蒂，毛里奇奥·德·桑蒂斯，贾科莫·拉佐蒂,2014-06-14 18:30:00.000,上影世博国际影城,二厅
SB2214    ,尘埃之境,加拿大,彼得·斯戴宾斯,珍妮弗·波戴斯基，卢克·科比,2014-06-21 15:45:00.000,上影世博国际影城,二厅
SB2195    ,赛马王,丹麦,安妮·格莱斯·贝加拉,布贾内·亨里克森,2014-06-19 18:30:00.000,上影世博国际影城,二厅
SB2175    ,一切尽失,美国,J·C·陈多尔,罗伯特·雷德福,2014-06-17 18:30:00.000,上影世博国际影城,二厅
SB2226    ,蜜糖,意大利,瓦莱莉·高利诺,杰丝敏·特丽卡，利贝罗·德·瑞恩佐,2014-06-22 20:45:00.000,上影世博国际影城,二厅
SB2225    ,巅峰交响曲——俯瞰阿尔卑斯,德国,彼得·巴德勒,,2014-06-22 18:30:00.000,上影世博国际影城,二厅
SB2196    ,苏珊娜,法国,卡黛儿·基耶维蕾,莎拉·弗里斯蒂，阿黛拉·哈内尔，保罗·艾米,2014-06-19 20:45:00.000,上影世博国际影城,二厅
SB2146    ,困燕,波兰,巴尔托什·瓦沃斯,迈克尔·斯达扎克，芭芭拉·丹宾斯卡,2014-06-14 20:45:00.000,上影世博国际影城,二厅
SB2205    ,我的儿子是天使,黎巴嫩,阿敏·多拉,,2014-06-20 18:30:00.000,上影世博国际影城,二厅
SB2185    ,小镇疑云,德国,托马斯·希本,弗里德里希·穆克，丽芙·丽莎·弗里斯,2014-06-18 18:30:00.000,上影世博国际影城,二厅
SB2176    ,爱情食谱,西班牙,多米尼克·哈拉里 ;特蕾莎·德·普利格雷,理查德·柯伊尔,2014-06-17 20:45:00.000,上影世博国际影城,二厅
SB2165    ,四十九天,日本,大林宣彦,品川彻， 松重丰，常盘贵子,2014-06-16 18:30:00.000,上影世博国际影城,二厅
SB2156    ,男孩们和吉约姆,法国,吉约姆·高丽安,吉约姆·高丽安，安德烈·马尔孔，弗兰西丝·法比安,2014-06-15 20:45:00.000,上影世博国际影城,二厅
SB2144    ,重回同学会,瑞典,安娜·奥德尔,桑德拉·安德瑞斯，卡米拉·本哈姆扎,2014-06-14 15:45:00.000,上影世博国际影城,二厅
SB2224    ,大梦想家,美国,约翰·李·汉考克,艾玛·汤普森，汤姆·汉克斯,2014-06-22 15:45:00.000,上影世博国际影城,二厅
SB2215    ,弗兰克,英国,兰纳德·阿伯拉罕森,迈克尔·法斯宾德，玛吉·吉伦哈尔 ，多姆纳尔·格利森 ,2014-06-21 18:30:00.000,上影世博国际影城,二厅
SB2186    ,奇迹,加拿大,丹尼尔·格洛,泽维尔·多兰，妮娜·劳伦,2014-06-18 20:45:00.000,上影世博国际影城,二厅
SB2155    ,独自绽放,瑞典,谢罗·克·安德森,米卡埃尔·佩斯布兰特， 伊达·恩格佛，桑德拉·安德瑞斯,2014-06-15 18:30:00.000,上影世博国际影城,二厅
SB2154    ,强悍,意大利,吉安尼·阿梅利奥,安东尼奥·阿尔巴内斯，利维亚·罗西,2014-06-15 15:45:00.000,上影世博国际影城,二厅
HQG7215   ,九天零一个清晨,俄罗斯,薇拉·斯托洛日娃,安娜·雪碧妮娜，奥尔加·波波娃，谢尔盖·普斯科帕里斯,2014-06-21 18:30:00.000,海上国际影城(月星环球港店）,七厅
HQG7216   ,我的僵尸女友,英国,杰夫·巴埃纳,戴恩·德哈恩，奥布瑞·普拉扎,2014-06-21 20:45:00.000,海上国际影城(月星环球港店）,七厅
HQG7226   ,非我族类,法国,卢卡斯·贝尔沃克斯,艾米莉·德奎恩，洛克·柯贝利，桑德拉·努卡,2014-06-22 20:45:00.000,海上国际影城(月星环球港店）,七厅
HQG7225   ,国际象棋游戏,巴西,路易斯·安东尼奥· 佩雷拉,Wesley Aguiar，Tuca Andrada,2014-06-22 18:30:00.000,海上国际影城(月星环球港店）,七厅
HQG7224   ,太秦灯光下,日本,落合贤,福本清三，山本千寻，本田博太郎,2014-06-22 15:45:00.000,海上国际影城(月星环球港店）,七厅
HQG7185   ,浪迹巴黎,法国,伊娃·贝罗维奇,迪娜拉·度卡洛娃，玛丽·伊莎贝尔·申思曼,2014-06-18 18:30:00.000,海上国际影城(月星环球港店）,七厅
HQG7166   ,断子绝孙大逃亡,乌克兰,阿列克谢·扎列夫斯基,李松·亚历山大，伊娜·佐波娃，马克·伯登,2014-06-16 20:45:00.000,海上国际影城(月星环球港店）,七厅
HQG7165   ,暗黑兄弟会,德国,沙维尔·柯勒,芬·亨克尔，莫里兹·布雷多,2014-06-16 18:30:00.000,海上国际影城(月星环球港店）,七厅
HQG7155   ,秋季往事,土耳其,凯雷姆·德伦, Farah Zeynep Abdullah，Engin Akyürek ,2014-06-15 18:30:00.000,海上国际影城(月星环球港店）,七厅
HQG7214   ,编剧情缘,美国,马克·劳伦斯,休·格兰特，玛丽莎·托梅，艾莉森·珍妮,2014-06-21 15:45:00.000,海上国际影城(月星环球港店）,七厅
HQG7196   ,失声反击战,秘鲁,丹尼尔·维加，迭戈·维加,佛曼多·巴奇奥诺,2014-06-19 20:45:00.000,海上国际影城(月星环球港店）,七厅
HQG7176   ,困燕,波兰,巴尔托什·瓦沃斯,迈克尔·斯达扎克，芭芭拉·丹宾斯卡,2014-06-17 20:45:00.000,海上国际影城(月星环球港店）,七厅
HQG7205   ,绿意依旧盎然,奥地利,马克·纳贝斯尼克,克里斯蒂安·霍德科，阿普·林登伯格，迈克尔·克里斯托夫,2014-06-20 18:30:00.000,海上国际影城(月星环球港店）,七厅
HQG7195   ,小镇疑云,德国,托马斯·希本,弗里德里希·穆克，丽芙·丽莎·弗里斯,2014-06-19 18:30:00.000,海上国际影城(月星环球港店）,七厅
HQG7186   ,爱情食谱,西班牙,多米尼克·哈拉里 ;特蕾莎·德·普利格雷,理查德·柯伊尔,2014-06-18 20:45:00.000,海上国际影城(月星环球港店）,七厅
HQG7175   ,拯救,意大利,法比奥·格拉萨多尼亚，安东尼奥·皮亚扎,萨利赫·巴克里，卢伊吉洛·肖卡，卡洛琳娜·克雷仙蒂,2014-06-17 18:30:00.000,海上国际影城(月星环球港店）,七厅
HQG7156   ,狮心,芬兰,多姆·卡如库斯基,彼得·弗朗岑，劳拉·布林，加斯帕·帕科农,2014-06-15 20:45:00.000,海上国际影城(月星环球港店）,七厅
HQG7146   ,守护天使,加拿大,让·塞巴斯蒂安·罗德,玛丽莲·卡斯顿圭，盖伊·纳顿,2014-06-14 20:45:00.000,海上国际影城(月星环球港店）,七厅
HQG7154   ,赦免,美国,汤姆·安东,洁米·金，杰森·刘易斯，M·C·盖尼,2014-06-15 15:45:00.000,海上国际影城(月星环球港店）,七厅
HQG7145   ,寻求真理,印度,日普帕诺·高仕,苏乔伊·高什，阿皮塔·帕尔,2014-06-14 18:30:00.000,海上国际影城(月星环球港店）,七厅
HQG7144   ,搏击迷城 3D,中国香港,陳麗英,陈丽英,2014-06-14 15:45:00.000,海上国际影城(月星环球港店）,七厅
UBS4215   ,医恋俏佳人,法国,阿克塞尔·罗贝尔,塞德里克·康，露易丝·布尔昆,2014-06-21 18:30:00.000,上海UME国际影城宝山店,四厅
UBS4145   ,战栗丛林,澳大利亚,亚伦·威尔逊,Khan Chittenden， 莫子仪,2014-06-14 18:30:00.000,上海UME国际影城宝山店,四厅
UBS4224   ,一切尽失,美国,J·C·陈多尔,罗伯特·雷德福,2014-06-22 15:45:00.000,上海UME国际影城宝山店,四厅
UBS4214   ,回路人生,加拿大,梅林·德维塞维克,大卫·里奇蒙德·派克，理查德·哈蒙,2014-06-21 15:45:00.000,上海UME国际影城宝山店,四厅
UBS4185   ,补丁镇,加拿大,克雷格·古德维尔,佐伊·帕尔默，朱利安·瑞钦斯，斯科特·汤普森,2014-06-18 18:30:00.000,上海UME国际影城宝山店,四厅
UBS4225   ,端岛计划,泰国,皮亚潘·秋贝绮,麦克，奥密兹·苏查拉特,2014-06-22 18:30:00.000,上海UME国际影城宝山店,四厅
UBS4156   ,粉红噪声,哥伦比亚,罗伯托·弗洛雷斯·普列托,卢瑟福·冈萨雷斯，玛贝尔·毕萨洛,2014-06-15 20:45:00.000,上海UME国际影城宝山店,四厅
UBS4146   ,爱情食谱,西班牙,多米尼克·哈拉里 ;特蕾莎·德·普利格雷,理查德·柯伊尔,2014-06-14 20:45:00.000,上海UME国际影城宝山店,四厅
UBS4226   ,最后的车轮,意大利,乔瓦尼·维洛内西,埃里奥·杰曼诺，亚历桑德拉·马斯特罗兰迪，瑞奇·孟菲斯,2014-06-22 20:45:00.000,上海UME国际影城宝山店,四厅
UBS4216   ,奇迹,加拿大,丹尼尔·格洛,泽维尔·多兰，妮娜·劳伦,2014-06-21 20:45:00.000,上海UME国际影城宝山店,四厅
UBS4205   ,时光修复师,意大利,保罗·米顿,丹尼尔·萨佛卡，汉娜·考福特,2014-06-20 18:30:00.000,上海UME国际影城宝山店,四厅
UBS4195   ,她爱他,法国,珍妮·亨利,桑德利那·吉贝尔兰，Laurent Lafitte,2014-06-19 18:30:00.000,上海UME国际影城宝山店,四厅
UBS4175   ,秘林寻踪,韩国,朴正律,申贤彬，允泰雄,2014-06-17 18:30:00.000,上海UME国际影城宝山店,四厅
UBS4154   ,重回同学会,瑞典,安娜·奥德尔,桑德拉·安德瑞斯，卡米拉·本哈姆扎,2014-06-15 15:45:00.000,上海UME国际影城宝山店,四厅
UBS4144   ,不是童话,印度,埃特努·高仕,索米特拉·查特吉，拉迪卡·阿普特,2014-06-14 15:45:00.000,上海UME国际影城宝山店,四厅
UBS4155   ,魔鬼绳结,美国,阿托姆·伊戈扬,瑞茜·威瑟斯彭，柯林·菲尔斯，戴恩·德哈恩,2014-06-15 18:30:00.000,上海UME国际影城宝山店,四厅
UBS4165   ,骏马奥斯温,德国,卡嘉·冯·加纳,汉娜·霍普，约根·沃格尔，德勒夫·布克,2014-06-16 18:30:00.000,上海UME国际影城宝山店,四厅
